Customer_ID,Customer_Name,Age,City,Total_Purchase,Number_of_Orders,Last_Purchase_Date,Product_Category,Payment_Method,Avg_Order_Value,Age_Group,Recency_Days,Customer_Segment
CUST1001,Ira Bose,56,Delhi,8371.7,5,2025-10-31,Electronics,Cash,1674.34,Senior,170.0,At Risk
CUST1002,Sai Bose,19,Pune,12529.5,10,2025-08-08,Fashion,Cash,1252.95,Young,254.0,At Risk
CUST1003,Diya Iyer,44,Mumbai,3938.92,7,2025-11-21,Groceries,Net Banking,562.7,Adult,149.0,At Risk
CUST1004,Reyansh Patel,24,Pune,2830.85,9,2025-03-11,Electronics,Net Banking,314.54,Young,404.0,At Risk
CUST1005,Atharv Nair,64,Kolkata,5410.6,14,2025-12-16,Sports,Credit Card,386.47,Senior,124.0,At Risk
CUST1006,Vihaan Das,32,Nagpur,7980.95,15,2025-08-29,Groceries,Debit Card,532.06,Adult,233.0,At Risk
CUST1007,Reyansh Mehta,43,Nagpur,11022.38,13,2025-05-09,Home Appliances,Upi,847.88,Adult,345.0,At Risk
CUST1008,Arjun Bose,18,Pune,8816.61,7,2026-03-04,Sports,Net Banking,1259.52,Young,46.0,High Value
CUST1009,Diya Bose,25,Mumbai,10157.05,12,2026-02-25,Electronics,Credit Card,846.42,Young,53.0,High Value
CUST1010,Sara Gupta,45,Jaipur,3876.37,10,2025-04-10,Groceries,Debit Card,387.64,Adult,374.0,At Risk
CUST1011,Krishna Singh,56,Kolkata,9688.74,15,2026-02-24,Electronics,Upi,645.92,Senior,54.0,High Value
CUST1012,Arjun Sharma,24,Mumbai,10284.63,11,2025-04-18,Electronics,Net Banking,934.97,Young,366.0,At Risk
CUST1013,Aadhya Shaikh,50,Ahmedabad,7799.2,6,2025-11-15,Sports,Net Banking,1299.87,Senior,155.0,At Risk
CUST1014,Sara Yadav,50,Bangalore,6059.55,1,2025-07-07,Beauty,Net Banking,6059.55,Senior,286.0,At Risk
CUST1015,Aditya Shaikh,19,Mumbai,8092.91,12,2025-08-20,Beauty,Debit Card,674.41,Young,242.0,At Risk
CUST1016,Ishaan Reddy,36,Chennai,15953.95,1,2025-06-25,Home Appliances,Net Banking,15953.95,Adult,298.0,At Risk
CUST1017,Reyansh Nair,51,Chennai,1917.42,6,2025-07-16,Home Appliances,Net Banking,319.57,Senior,277.0,At Risk
CUST1018,Diya Jadhav,53,Chennai,9099.54,2,2025-07-08,Electronics,Upi,4549.77,Senior,285.0,At Risk
CUST1019,Myra Patel,42,Kolkata,3218.66,9,2025-03-28,Groceries,Cash,357.63,Adult,387.0,At Risk
CUST1020,Reyansh Singh,32,Kolkata,6106.36,8,2025-12-02,Sports,Debit Card,763.3,Adult,138.0,At Risk
CUST1021,Vivaan Yadav,69,Mumbai,6953.445,5,2025-10-30,Electronics,Debit Card,1390.69,Senior,171.0,At Risk
CUST1022,Saanvi Pawar,63,Ahmedabad,3286.55,4,2025-03-05,Groceries,Net Banking,821.64,Senior,410.0,At Risk
CUST1023,Aarav Bose,34,Kolkata,9131.46,7,2025-01-04,Home Appliances,Credit Card,1304.49,Adult,470.0,At Risk
CUST1024,Vivaan Yadav,25,Nagpur,21222.89,3,2025-09-21,Electronics,Cash,7074.3,Young,210.0,At Risk
CUST1025,Saanvi Jadhav,45,Chennai,6928.49,5,,Home Appliances,Net Banking,1385.7,Adult,999.0,At Risk
CUST1026,Diya Khan,45,Pune,3838.4,5,2026-02-02,Fashion,Credit Card,767.68,Adult,76.0,Low Value
CUST1027,Vivaan Sharma,63,Kolkata,4749.02,2,2025-12-18,Home Appliances,Cash,2374.51,Senior,122.0,At Risk
CUST1028,Aadhya Jadhav,60,Kolkata,4557.78,7,2025-10-10,Home Appliances,Credit Card,651.11,Senior,191.0,At Risk
CUST1029,Ishaan Yadav,25,Nagpur,2317.5,2,2025-04-24,Electronics,Debit Card,1158.75,Young,360.0,At Risk
CUST1030,Saanvi Bose,39,Pune,3975.44,5,2025-07-13,Home Appliances,Debit Card,795.09,Adult,280.0,At Risk
CUST1031,Sai Das,69,Ahmedabad,5511.93,10,2025-11-07,Sports,Credit Card,551.19,Senior,163.0,At Risk
CUST1032,Sai Iyer,36,Pune,8498.05,2,2025-12-04,Electronics,Debit Card,4249.02,Adult,136.0,At Risk
CUST1033,Anaya Yadav,32,Ahmedabad,10056.34,13,2026-01-15,Beauty,Net Banking,773.56,Adult,94.0,Regular
CUST1034,Krishna Verma,68,Pune,5815.12,1,2025-04-09,Groceries,Upi,5815.12,Senior,375.0,At Risk
CUST1035,Meera Singh,32,Jaipur,153833.5,1,2026-03-28,Electronics,Credit Card,153833.5,Adult,22.0,High Value
CUST1036,Vivaan Pawar,33,Pune,9091.33,1,2025-12-21,Home Appliances,Net Banking,9091.33,Adult,119.0,Regular
CUST1037,Sara Singh,32,Pune,7044.23,2,2025-08-02,Beauty,Debit Card,3522.12,Adult,260.0,At Risk
CUST1038,Sara Nair,34,Hyderabad,3432.33,2,2025-12-02,Home Appliances,Net Banking,1716.16,Adult,138.0,At Risk
CUST1039,Ishaan Khan,42,Bangalore,12077.78,1,2026-02-24,Sports,Upi,12077.78,Adult,54.0,High Value
CUST1040,Aarav Jadhav,56,Jaipur,2598.8,8,2026-01-29,Beauty,Credit Card,324.85,Senior,80.0,Regular
CUST1041,Anaya Shaikh,42,Jaipur,126914.56,9,2025-09-07,Electronics,Credit Card,14101.62,Adult,224.0,At Risk
CUST1042,Meera Sharma,69,Ahmedabad,2149.78,7,2026-02-21,Home Appliances,Upi,307.11,Senior,57.0,Low Value
CUST1043,Ishaan Yadav,45,Pune,5176.75,11,2026-01-15,Home Appliances,Net Banking,470.61,Adult,94.0,Regular
CUST1044,Krishna Bose,43,Jaipur,2777.94,13,2025-04-27,Home Appliances,Credit Card,213.69,Adult,357.0,At Risk
CUST1045,Reyansh Patel,62,Jaipur,5364.49,6,2025-06-30,Electronics,Cash,894.08,Senior,293.0,At Risk
CUST1046,Aadhya Joshi,56,Pune,6534.67,12,2025-03-14,Electronics,Net Banking,544.56,Senior,401.0,At Risk
CUST1047,Vihaan Bose,18,Delhi,3712.5,1,2025-11-18,Sports,Debit Card,3712.5,Young,152.0,At Risk
CUST1048,Krishna Patel,32,Pune,6843.0,4,2026-02-13,Electronics,Net Banking,1710.75,Adult,65.0,Low Value
CUST1049,Arjun Iyer,31,Pune,10603.37,11,2025-08-20,Home Appliances,Cash,963.94,Adult,242.0,At Risk
CUST1050,Atharv Joshi,55,Kolkata,4108.16,12,,Electronics,Debit Card,342.35,Senior,999.0,At Risk
CUST1051,Atharv Singh,34,Hyderabad,4742.12,3,2026-01-09,Groceries,Credit Card,1580.71,Adult,100.0,Low Value
CUST1052,Sara Mehta,22,Hyderabad,11556.99,15,2025-05-21,Home Appliances,Credit Card,770.47,Young,333.0,At Risk
CUST1053,Vivaan More,30,Pune,71558.9,1,,Electronics,Cash,71558.9,Adult,999.0,At Risk
CUST1054,Anika Kulkarni,40,Mumbai,5167.1,13,2025-03-28,Beauty,Net Banking,397.47,Adult,387.0,At Risk
CUST1055,Meera Patel,51,Mumbai,8987.98,11,,Groceries,Cash,817.09,Senior,999.0,At Risk
CUST1056,Myra Reddy,43,Hyderabad,9083.71,7,2025-05-30,Beauty,Cash,1297.67,Adult,324.0,At Risk
CUST1057,Sai Mehta,47,Mumbai,12530.46,15,2025-07-28,Beauty,Debit Card,835.36,Senior,265.0,At Risk
CUST1058,Diya Naik,32,Mumbai,6549.4,5,2025-11-26,Fashion,Credit Card,1309.88,Adult,144.0,At Risk
CUST1059,Aarav Kulkarni,65,Chennai,9743.14,8,2025-03-09,Beauty,Upi,1217.89,Senior,406.0,At Risk
CUST1060,Aarav Singh,43,Chennai,6865.6,10,2025-02-20,Home Appliances,Cash,686.56,Adult,423.0,At Risk
CUST1061,Vivaan Khan,22,Delhi,7892.84,9,2026-02-13,Fashion,Cash,876.98,Young,65.0,Regular
CUST1062,Meera Verma,64,Mumbai,7233.2,12,2025-08-28,Electronics,Net Banking,602.77,Senior,234.0,At Risk
CUST1063,Krishna Verma,43,Delhi,6723.59,15,2025-07-01,Fashion,Debit Card,448.24,Adult,292.0,At Risk
CUST1064,Sai Singh,52,Mumbai,4283.05,14,2025-11-07,Fashion,Debit Card,305.93,Senior,163.0,At Risk
CUST1065,Saanvi Joshi,42,Nagpur,8791.77,2,2025-03-28,Electronics,Cash,4395.88,Adult,387.0,At Risk
CUST1066,Anika Naik,59,Hyderabad,10334.63,1,2025-06-28,Electronics,Net Banking,10334.63,Senior,295.0,At Risk
CUST1067,Sai Kulkarni,65,Delhi,15611.15,7,2026-03-01,Beauty,Upi,2230.16,Senior,49.0,High Value
CUST1068,Sai Das,45,Jaipur,9747.97,6,2025-09-19,Groceries,Net Banking,1624.66,Adult,212.0,At Risk
CUST1069,Arjun Patel,25,Jaipur,7113.24,4,2025-09-12,Fashion,Cash,1778.31,Young,219.0,At Risk
CUST1070,Anika More,18,Bangalore,3400.8,2,2025-07-14,Home Appliances,Upi,1700.4,Young,279.0,At Risk
CUST1071,Aarav Patel,61,Ahmedabad,6953.445,9,2025-02-17,Fashion,Net Banking,772.6,Senior,426.0,At Risk
CUST1072,Ishaan Shaikh,52,Pune,7963.67,8,2026-01-31,Electronics,Upi,995.46,Senior,78.0,Regular
CUST1073,Myra Shaikh,25,Nagpur,4729.43,3,2025-02-15,Electronics,Net Banking,1576.48,Young,428.0,At Risk
CUST1074,Reyansh Khan,43,Hyderabad,5774.89,7,2025-10-30,Home Appliances,Credit Card,824.98,Adult,171.0,At Risk
CUST1075,Kiara Iyer,64,Kolkata,12176.7,6,2025-10-04,Sports,Credit Card,2029.45,Senior,197.0,At Risk
CUST1076,Anika More,69,Kolkata,10520.46,5,2025-06-16,Fashion,Credit Card,2104.09,Senior,307.0,At Risk
CUST1077,Ira Reddy,39,Chennai,6886.88,15,2025-08-28,Fashion,Credit Card,459.13,Adult,234.0,At Risk
CUST1078,Anika Patel,32,Mumbai,9568.06,4,2025-06-22,Fashion,Cash,2392.02,Adult,301.0,At Risk
CUST1079,Sai Bose,32,Bangalore,3904.47,11,2025-11-11,Beauty,Debit Card,354.95,Adult,159.0,At Risk
CUST1080,Vivaan Mehta,35,Pune,14845.38,12,2025-03-04,Groceries,Debit Card,1237.12,Adult,411.0,At Risk
CUST1081,Saanvi Naik,46,Jaipur,8850.74,10,2025-10-01,Beauty,Credit Card,885.07,Senior,200.0,At Risk
CUST1082,Kiara Shaikh,43,Chennai,2316.4,5,2025-06-14,Electronics,Upi,463.28,Adult,309.0,At Risk
CUST1083,Vivaan Bose,43,Pune,13400.26,11,2025-07-24,Electronics,Cash,1218.21,Adult,269.0,At Risk
CUST1084,Arjun Khan,41,Mumbai,4420.87,7,2025-06-10,Groceries,Debit Card,631.55,Adult,313.0,At Risk
CUST1085,Anika Patel,39,Pune,10240.62,7,2025-09-02,Home Appliances,Upi,1462.95,Adult,229.0,At Risk
CUST1086,Vivaan Patel,47,Pune,20011.51,2,2025-12-09,Electronics,Debit Card,10005.75,Senior,131.0,At Risk
CUST1087,Aarav Kulkarni,55,Mumbai,3472.27,10,2025-03-31,Fashion,Net Banking,347.23,Senior,384.0,At Risk
CUST1088,Meera Iyer,50,Mumbai,10378.85,11,2025-08-05,Beauty,Credit Card,943.53,Senior,257.0,At Risk
CUST1089,Sai Das,64,Jaipur,12024.41,8,2025-12-02,Sports,Debit Card,1503.05,Senior,138.0,At Risk
CUST1090,Ishaan Khan,33,Ahmedabad,64175.72,5,2025-03-16,Sports,Debit Card,12835.14,Adult,399.0,At Risk
CUST1091,Reyansh Singh,46,Jaipur,3867.69,2,2025-03-12,Home Appliances,Net Banking,1933.84,Senior,403.0,At Risk
CUST1092,Kiara Nair,22,Nagpur,10444.42,1,,Electronics,Upi,10444.42,Young,999.0,At Risk
CUST1093,Kiara Bose,40,Hyderabad,5432.32,13,2025-12-09,Electronics,Net Banking,417.87,Adult,131.0,At Risk
CUST1094,Aditya Nair,60,Mumbai,7678.69,10,2026-02-26,Groceries,Net Banking,767.87,Senior,52.0,High Value
CUST1095,Sara More,42,Nagpur,8987.77,8,2025-10-15,Home Appliances,Cash,1123.47,Adult,186.0,At Risk
CUST1096,Kiara Patel,62,Mumbai,6069.93,5,2025-09-20,Groceries,Debit Card,1213.99,Senior,211.0,At Risk
CUST1097,Reyansh Singh,53,Pune,9788.74,11,2025-08-17,Sports,Cash,889.89,Senior,245.0,At Risk
CUST1098,Sai Naik,32,Mumbai,2211.15,1,2025-01-04,Fashion,Cash,2211.15,Adult,470.0,At Risk
CUST1099,Vivaan Pawar,26,Mumbai,6182.11,11,2026-07-03,Fashion,Cash,562.01,Adult,0.0,Regular
CUST1100,Kiara Patel,20,Pune,5594.97,9,2025-02-06,Home Appliances,Cash,621.66,Young,437.0,At Risk
CUST1101,Myra Gupta,43,Nagpur,4579.48,7,2026-02-01,Beauty,Credit Card,654.21,Adult,77.0,Low Value
CUST1102,Kiara Sharma,43,Ahmedabad,6963.12,7,2025-12-05,Home Appliances,Credit Card,994.73,Adult,135.0,At Risk
CUST1103,Anaya Bose,43,Pune,4924.08,7,2025-12-19,Sports,Debit Card,703.44,Adult,121.0,At Risk
CUST1104,Reyansh Bose,48,Kolkata,10771.54,7,2026-03-28,Groceries,Cash,1538.79,Senior,22.0,High Value
CUST1105,Sai Joshi,42,Chennai,6428.76,8,2025-11-02,Fashion,Upi,803.6,Adult,168.0,At Risk
CUST1106,Atharv Reddy,30,Pune,11777.35,8,2025-03-20,Home Appliances,Debit Card,1472.17,Adult,395.0,At Risk
CUST1107,Sara Nair,42,Chennai,67702.8,4,2025-12-06,Electronics,Cash,16925.7,Adult,134.0,At Risk
CUST1108,Vihaan Nair,43,Pune,5790.83,5,,Sports,Credit Card,1158.17,Adult,999.0,At Risk
CUST1109,Anaya Shaikh,63,Pune,3999.99,5,2026-01-28,Electronics,Debit Card,800.0,Senior,81.0,Low Value
CUST1110,Atharv Nair,68,Delhi,4972.08,5,2025-08-29,Electronics,Cash,994.42,Senior,233.0,At Risk
CUST1111,Myra Patel,52,Chennai,4743.41,1,2025-10-23,Groceries,Credit Card,4743.41,Senior,178.0,At Risk
CUST1112,Myra Nair,30,Chennai,13499.73,12,2025-09-18,Fashion,Net Banking,1124.98,Adult,213.0,At Risk
CUST1113,Ira Nair,29,Bangalore,14926.68,12,2025-05-08,Fashion,Upi,1243.89,Adult,346.0,At Risk
CUST1114,Diya More,65,Pune,9295.95,14,2025-09-27,Sports,Net Banking,664.0,Senior,204.0,At Risk
CUST1115,Myra Gupta,57,Kolkata,3577.26,8,2026-02-01,Beauty,Net Banking,447.16,Senior,77.0,Regular
CUST1116,Ira Joshi,58,Delhi,3889.66,15,2025-03-03,Sports,Cash,259.31,Senior,412.0,At Risk
CUST1117,Vihaan Pawar,43,Pune,8867.91,2,2026-02-14,Groceries,Net Banking,4433.96,Adult,64.0,Regular
CUST1118,Anaya Bose,58,Delhi,9084.17,10,2025-05-17,Beauty,Credit Card,908.42,Senior,337.0,At Risk
CUST1119,Aditya Yadav,32,Mumbai,17216.42,11,2026-03-20,Home Appliances,Cash,1565.13,Adult,30.0,High Value
CUST1120,Krishna More,27,Pune,16300.15,1,2026-01-12,Sports,Debit Card,16300.15,Adult,97.0,Regular
CUST1121,Diya Singh,28,Hyderabad,4364.19,13,2025-07-04,Fashion,Net Banking,335.71,Adult,289.0,At Risk
CUST1122,Aditya Kulkarni,46,Jaipur,4407.34,8,2026-03-11,Home Appliances,Debit Card,550.92,Senior,39.0,Regular
CUST1123,Diya Singh,54,Hyderabad,9454.42,12,2025-10-21,Home Appliances,Net Banking,787.87,Senior,180.0,At Risk
CUST1124,Meera Shaikh,66,Hyderabad,6320.88,5,2026-03-05,Electronics,Cash,1264.18,Senior,45.0,Low Value
CUST1125,Ira Reddy,69,Nagpur,11248.6,4,2025-10-30,Home Appliances,Net Banking,2812.15,Senior,171.0,At Risk
CUST1126,Sai Reddy,24,Ahmedabad,2938.09,5,2026-01-19,Beauty,Upi,587.62,Young,90.0,Low Value
CUST1127,Kiara Gupta,30,Chennai,5569.34,6,2025-06-04,Groceries,Upi,928.22,Adult,319.0,At Risk
CUST1128,Aarav Singh,43,Nagpur,6953.445,6,2025-11-04,Home Appliances,Upi,1158.91,Adult,166.0,At Risk
CUST1129,Meera Shaikh,57,Bangalore,8222.57,1,2025-10-29,Beauty,Net Banking,8222.57,Senior,172.0,At Risk
CUST1130,Vihaan Khan,45,Delhi,10302.72,13,2025-07-03,Fashion,Net Banking,792.52,Adult,290.0,At Risk
CUST1131,Anika Patel,26,Kolkata,8693.45,14,2025-12-11,Beauty,Debit Card,620.96,Adult,129.0,At Risk
CUST1132,Krishna Khan,24,Kolkata,12440.03,14,2026-03-20,Fashion,Upi,888.57,Young,30.0,High Value
CUST1133,Kiara Gupta,30,Kolkata,8332.48,13,2025-09-30,Beauty,Cash,640.96,Adult,201.0,At Risk
CUST1134,Reyansh More,61,Ahmedabad,6731.86,15,2025-03-06,Electronics,Credit Card,448.79,Senior,409.0,At Risk
CUST1135,Aadhya Pawar,32,Hyderabad,7022.42,7,2025-10-31,Sports,Credit Card,1003.2,Adult,170.0,At Risk
CUST1136,Ira Reddy,68,Hyderabad,6243.37,7,2025-09-27,Beauty,Upi,891.91,Senior,204.0,At Risk
CUST1137,Aadhya Singh,29,Chennai,14837.49,8,2026-04-01,Beauty,Upi,1854.69,Adult,18.0,High Value
CUST1138,Kiara Naik,45,Delhi,6512.31,8,2026-07-01,Beauty,Debit Card,814.04,Adult,0.0,Regular
CUST1139,Sai Reddy,23,Bangalore,6953.445,1,,Fashion,Net Banking,6953.44,Young,999.0,At Risk
CUST1140,Anaya Shaikh,64,Jaipur,1949.71,5,2025-10-12,Home Appliances,Debit Card,389.94,Senior,189.0,At Risk
CUST1141,Arjun Naik,37,Kolkata,4582.52,8,2025-10-27,Beauty,Credit Card,572.82,Adult,174.0,At Risk
CUST1142,Vihaan Khan,23,Mumbai,6356.27,7,2025-07-30,Electronics,Net Banking,908.04,Young,263.0,At Risk
CUST1143,Arjun Naik,50,Pune,6472.53,11,2025-08-27,Fashion,Debit Card,588.41,Senior,235.0,At Risk
CUST1144,Vivaan Yadav,56,Chennai,184051.67,10,,Home Appliances,Debit Card,18405.17,Senior,999.0,At Risk
CUST1145,Saanvi Kulkarni,18,Mumbai,6130.47,1,2025-08-26,Home Appliances,Credit Card,6130.47,Young,236.0,At Risk
CUST1146,Sai Bose,47,Kolkata,7317.68,1,2025-06-18,Home Appliances,Debit Card,7317.68,Senior,305.0,At Risk
CUST1147,Sara Iyer,65,Mumbai,10924.03,9,2026-01-02,Beauty,Credit Card,1213.78,Senior,107.0,Regular
CUST1148,Anaya More,26,Bangalore,7698.12,2,2025-06-26,Beauty,Net Banking,3849.06,Adult,297.0,At Risk
CUST1149,Ishaan Singh,28,Bangalore,4246.3,10,2025-02-20,Sports,Cash,424.63,Adult,423.0,At Risk
CUST1150,Sai Kulkarni,46,Delhi,3070.92,10,2025-07-10,Electronics,Debit Card,307.09,Senior,283.0,At Risk
CUST1151,Krishna Yadav,32,Jaipur,4737.75,5,2025-12-06,Fashion,Upi,947.55,Adult,134.0,At Risk
CUST1152,Vivaan Gupta,53,Nagpur,124173.42,15,2025-02-26,Sports,Upi,8278.23,Senior,417.0,At Risk
CUST1153,Aarav Reddy,28,Delhi,10000.13,4,2026-02-08,Beauty,Upi,2500.03,Adult,70.0,Regular
CUST1154,Sara Sharma,46,Chennai,10298.14,9,2025-07-12,Home Appliances,Credit Card,1144.24,Senior,281.0,At Risk
CUST1155,Arjun Sharma,27,Delhi,2531.92,7,2025-03-23,Fashion,Credit Card,361.7,Adult,392.0,At Risk
CUST1156,Aadhya Jadhav,18,Chennai,7490.34,8,2025-11-27,Groceries,Upi,936.29,Young,143.0,At Risk
CUST1157,Arjun Joshi,41,Delhi,17792.27,12,2025-04-21,Beauty,Cash,1482.69,Adult,363.0,At Risk
CUST1158,Aarav Kulkarni,53,Hyderabad,5175.65,6,2025-09-11,Home Appliances,Net Banking,862.61,Senior,220.0,At Risk
CUST1159,Myra Pawar,24,Delhi,4779.08,2,2025-07-12,Home Appliances,Debit Card,2389.54,Young,281.0,At Risk
CUST1160,Atharv Mehta,20,Hyderabad,10885.28,13,2025-12-08,Electronics,Net Banking,837.33,Young,132.0,At Risk
CUST1161,Ira Bose,53,Bangalore,4965.46,1,2026-03-27,Sports,Upi,4965.46,Senior,23.0,Low Value
CUST1162,Diya Joshi,49,Jaipur,8326.41,7,2025-12-20,Home Appliances,Net Banking,1189.49,Senior,120.0,Regular
CUST1163,Atharv Joshi,51,Bangalore,16921.6,13,2025-05-25,Sports,Cash,1301.66,Senior,329.0,At Risk
CUST1164,Aarav Joshi,47,Nagpur,12244.01,7,,Sports,Debit Card,1749.14,Senior,999.0,At Risk
CUST1165,Myra Verma,57,Delhi,3236.48,8,2025-10-22,Fashion,Cash,404.56,Senior,179.0,At Risk
CUST1166,Krishna Gupta,29,Ahmedabad,4244.66,11,2025-09-23,Home Appliances,Cash,385.88,Adult,208.0,At Risk
CUST1167,Anaya Khan,43,Mumbai,2992.76,4,2025-08-05,Groceries,Net Banking,748.19,Adult,257.0,At Risk
CUST1168,Meera Patel,55,Hyderabad,8759.54,2,2025-02-06,Electronics,Upi,4379.77,Senior,437.0,At Risk
CUST1169,Aditya Naik,37,Pune,8889.86,15,2025-12-12,Home Appliances,Cash,592.66,Adult,128.0,At Risk
CUST1170,Reyansh Singh,63,Chennai,6953.445,9,2025-10-10,Fashion,Upi,772.6,Senior,191.0,At Risk
CUST1171,Vihaan Sharma,49,Kolkata,5602.88,15,2025-04-17,Groceries,Upi,373.53,Senior,367.0,At Risk
CUST1172,Reyansh Joshi,19,Mumbai,4499.53,9,2025-04-03,Groceries,Cash,499.95,Young,381.0,At Risk
CUST1173,Arjun More,26,Delhi,6386.38,7,2025-02-07,Sports,Credit Card,912.34,Adult,436.0,At Risk
CUST1174,Sai Yadav,69,Ahmedabad,8358.55,3,2025-12-30,Electronics,Debit Card,2786.18,Senior,110.0,Regular
CUST1175,Krishna Gupta,24,Nagpur,9449.9,6,2025-11-03,Fashion,Credit Card,1574.98,Young,167.0,At Risk
CUST1176,Anaya Khan,56,Bangalore,8141.12,1,2025-09-25,Home Appliances,Upi,8141.12,Senior,206.0,At Risk
CUST1177,Vihaan Mehta,43,Mumbai,11047.62,12,2025-08-17,Electronics,Upi,920.64,Adult,245.0,At Risk
CUST1178,Sara Patel,43,Hyderabad,7656.38,1,2025-05-22,Fashion,Cash,7656.38,Adult,332.0,At Risk
CUST1179,Ira Nair,57,Ahmedabad,4388.29,8,2025-04-23,Groceries,Debit Card,548.54,Senior,361.0,At Risk
CUST1180,Aarav Shaikh,36,Pune,4728.45,3,2025-10-31,Home Appliances,Cash,1576.15,Adult,170.0,At Risk
CUST1181,Vihaan Jadhav,37,Bangalore,6342.11,7,2026-09-02,Sports,Upi,906.02,Adult,0.0,Low Value
CUST1182,Kiara Joshi,22,Jaipur,6175.37,8,,Electronics,Upi,771.92,Young,999.0,At Risk
CUST1183,Sara Naik,32,Mumbai,4423.03,10,,Sports,Debit Card,442.3,Adult,999.0,At Risk
CUST1184,Saanvi Khan,38,Chennai,6474.05,2,2025-04-07,Groceries,Debit Card,3237.02,Adult,377.0,At Risk
CUST1185,Sara Patel,35,Hyderabad,3682.79,6,2025-08-31,Sports,Upi,613.8,Adult,231.0,At Risk
CUST1186,Ishaan Bose,43,Ahmedabad,10032.26,2,,Home Appliances,Credit Card,5016.13,Adult,999.0,At Risk
CUST1187,Anika Gupta,63,Nagpur,4787.37,11,2025-04-18,Electronics,Debit Card,435.22,Senior,366.0,At Risk
CUST1188,Reyansh Joshi,35,Ahmedabad,3276.18,1,2025-09-22,Groceries,Upi,3276.18,Adult,209.0,At Risk
CUST1189,Anika Mehta,40,Jaipur,6463.98,10,2026-01-19,Electronics,Cash,646.4,Adult,90.0,Regular
CUST1190,Saanvi Kulkarni,43,Bangalore,7481.05,14,2025-02-14,Fashion,Credit Card,534.36,Adult,429.0,At Risk
CUST1191,Vivaan Naik,65,Kolkata,5942.63,1,2025-12-01,Beauty,Debit Card,5942.63,Senior,139.0,At Risk
CUST1192,Diya Joshi,37,Mumbai,9416.08,4,2025-08-17,Electronics,Debit Card,2354.02,Adult,245.0,At Risk
CUST1193,Sara Naik,55,Ahmedabad,5396.54,9,2025-02-07,Fashion,Net Banking,599.62,Senior,436.0,At Risk
CUST1194,Meera Das,21,Nagpur,5871.21,14,2025-10-24,Sports,Net Banking,419.37,Young,177.0,At Risk
CUST1195,Kiara Kulkarni,36,Pune,5567.12,6,2025-10-04,Groceries,Debit Card,927.85,Adult,197.0,At Risk
CUST1196,Ishaan More,65,Mumbai,4013.61,7,2025-04-12,Sports,Cash,573.37,Senior,372.0,At Risk
CUST1197,Anika Mehta,34,Chennai,9681.11,12,2025-11-15,Electronics,Credit Card,806.76,Adult,155.0,At Risk
CUST1198,Saanvi Naik,22,Hyderabad,7097.6,14,2026-01-22,Home Appliances,Upi,506.97,Young,87.0,Regular
CUST1199,Kiara Yadav,54,Hyderabad,2188.53,14,2025-02-06,Groceries,Credit Card,156.32,Senior,437.0,At Risk
CUST1200,Anika Mehta,53,Mumbai,3722.24,14,2025-12-16,Sports,Upi,265.87,Senior,124.0,At Risk
CUST1201,Sai Khan,45,Bangalore,7695.8,15,2025-08-09,Home Appliances,Upi,513.05,Adult,253.0,At Risk
CUST1202,Ira Khan,26,Pune,6956.58,2,,Beauty,Debit Card,3478.29,Adult,999.0,At Risk
CUST1203,Saanvi Khan,43,Hyderabad,3418.81,7,2026-09-01,Home Appliances,Credit Card,488.4,Adult,0.0,Low Value
CUST1204,Reyansh Patel,40,Kolkata,8341.73,2,2025-03-14,Sports,Net Banking,4170.86,Adult,401.0,At Risk
CUST1205,Saanvi Iyer,24,Kolkata,6477.91,11,2026-05-01,Home Appliances,Debit Card,588.9,Young,0.0,Regular
CUST1206,Krishna Kulkarni,51,Chennai,3126.73,2,2025-11-27,Electronics,Debit Card,1563.36,Senior,143.0,At Risk
CUST1207,Aadhya Joshi,29,Chennai,6402.16,15,2026-02-28,Beauty,Cash,426.81,Adult,50.0,Regular
CUST1208,Saanvi Naik,37,Nagpur,7910.97,7,2026-06-03,Home Appliances,Credit Card,1130.14,Adult,0.0,High Value
CUST1209,Reyansh Yadav,19,Chennai,4114.2,6,2025-06-26,Fashion,Net Banking,685.7,Young,297.0,At Risk
CUST1210,Aadhya Naik,67,Hyderabad,4944.3,5,2026-05-02,Electronics,Credit Card,988.86,Senior,0.0,Low Value
CUST1211,Saanvi Bose,43,Chennai,4986.94,7,2025-04-01,Sports,Debit Card,712.42,Adult,383.0,At Risk
CUST1212,Arjun Shaikh,67,Chennai,5236.62,5,2025-03-31,Groceries,Credit Card,1047.32,Senior,384.0,At Risk
CUST1213,Meera Kulkarni,49,Nagpur,6913.89,5,2025-07-06,Groceries,Credit Card,1382.78,Senior,287.0,At Risk
CUST1214,Aditya Pawar,43,Hyderabad,11596.82,7,2025-07-10,Beauty,Upi,1656.69,Adult,283.0,At Risk
CUST1215,Myra Sharma,67,Nagpur,7600.42,12,2025-06-28,Sports,Cash,633.37,Senior,295.0,At Risk
CUST1216,Vihaan Mehta,43,Delhi,9458.78,10,2025-06-26,Groceries,Net Banking,945.88,Adult,297.0,At Risk
CUST1217,Aditya Joshi,39,Nagpur,5088.64,3,2025-10-27,Beauty,Net Banking,1696.21,Adult,174.0,At Risk
CUST1218,Reyansh Khan,43,Delhi,9173.88,4,2025-06-02,Electronics,Debit Card,2293.47,Adult,321.0,At Risk
CUST1219,Krishna Das,38,Bangalore,8534.49,8,2025-12-07,Fashion,Net Banking,1066.81,Adult,133.0,At Risk
CUST1220,Anaya Joshi,44,Mumbai,7238.52,8,,Electronics,Cash,904.82,Adult,999.0,At Risk
CUST1221,Meera Patel,31,Pune,5298.31,8,2025-06-30,Fashion,Net Banking,662.29,Adult,293.0,At Risk
CUST1222,Reyansh Verma,45,Kolkata,6370.43,8,2025-02-27,Electronics,Credit Card,796.3,Adult,416.0,At Risk
CUST1223,Sara Gupta,53,Delhi,6533.29,11,2026-02-19,Groceries,Cash,593.94,Senior,59.0,Regular
CUST1224,Krishna Mehta,43,Jaipur,5609.2,15,2026-01-29,Electronics,Debit Card,373.95,Adult,80.0,Regular
CUST1225,Vihaan Verma,47,Delhi,7894.52,12,2025-09-12,Groceries,Net Banking,657.88,Senior,219.0,At Risk
CUST1226,Reyansh Pawar,43,Pune,177247.42,8,2025-10-09,Fashion,Debit Card,22155.93,Adult,192.0,At Risk
CUST1227,Meera More,58,Mumbai,12869.25,4,2026-01-24,Electronics,Debit Card,3217.31,Senior,85.0,Regular
CUST1228,Atharv Jadhav,19,Chennai,5707.66,6,2025-02-24,Home Appliances,Credit Card,951.28,Young,419.0,At Risk
CUST1229,Meera Khan,23,Mumbai,5869.77,8,2025-09-24,Sports,Credit Card,733.72,Young,207.0,At Risk
CUST1230,Meera Reddy,63,Jaipur,1730.42,5,2025-05-18,Beauty,Net Banking,346.08,Senior,336.0,At Risk
CUST1231,Aarav Jadhav,58,Pune,3992.43,13,2025-11-05,Home Appliances,Debit Card,307.11,Senior,165.0,At Risk
CUST1232,Anaya Shaikh,63,Hyderabad,7569.99,13,2025-08-04,Electronics,Upi,582.31,Senior,258.0,At Risk
CUST1233,Krishna Nair,32,Jaipur,7112.02,15,2025-05-11,Home Appliances,Debit Card,474.13,Adult,343.0,At Risk
CUST1234,Atharv Mehta,57,Pune,4699.72,15,2025-09-11,Fashion,Credit Card,313.31,Senior,220.0,At Risk
CUST1235,Krishna Singh,28,Chennai,5615.15,3,2025-06-09,Sports,Net Banking,1871.72,Adult,314.0,At Risk
CUST1236,Vihaan Pawar,58,Bangalore,5565.51,5,2025-11-25,Electronics,Upi,1113.1,Senior,145.0,At Risk
CUST1237,Meera Pawar,40,Pune,10910.96,6,2025-09-25,Sports,Upi,1818.49,Adult,206.0,At Risk
CUST1238,Sara Joshi,49,Jaipur,5510.16,10,2025-12-04,Beauty,Net Banking,551.02,Senior,136.0,At Risk
CUST1239,Reyansh Kulkarni,50,Chennai,8270.82,3,2025-02-23,Fashion,Debit Card,2756.94,Senior,420.0,At Risk
CUST1240,Arjun Kulkarni,60,Nagpur,3649.2,8,2025-06-12,Groceries,Upi,456.15,Senior,311.0,At Risk
CUST1241,Kiara Das,55,Ahmedabad,6442.82,4,2025-04-03,Electronics,Cash,1610.7,Senior,381.0,At Risk
CUST1242,Meera Mehta,59,Bangalore,3384.16,10,2025-10-13,Beauty,Upi,338.42,Senior,188.0,At Risk
CUST1243,Sai Reddy,43,Kolkata,2588.44,1,2025-04-01,Beauty,Credit Card,2588.44,Adult,383.0,At Risk
CUST1244,Krishna Joshi,40,Bangalore,2688.3,14,,Electronics,Credit Card,192.02,Adult,999.0,At Risk
CUST1245,Aarav Naik,56,Mumbai,7782.45,2,2025-07-26,Home Appliances,Debit Card,3891.22,Senior,267.0,At Risk
CUST1246,Ishaan Verma,36,Hyderabad,5441.64,3,2025-12-31,Sports,Upi,1813.88,Adult,109.0,Low Value
CUST1247,Krishna Shaikh,28,Chennai,4526.65,6,2025-05-11,Electronics,Debit Card,754.44,Adult,343.0,At Risk
CUST1248,Ira Pawar,61,Jaipur,6864.27,1,2025-02-18,Electronics,Net Banking,6864.27,Senior,425.0,At Risk
CUST1249,Reyansh Naik,43,Hyderabad,8626.8,15,2025-04-01,Groceries,Cash,575.12,Adult,383.0,At Risk
CUST1250,Ishaan Pawar,26,Pune,7715.47,8,2025-11-05,Electronics,Cash,964.43,Adult,165.0,At Risk
CUST1251,Atharv Joshi,63,Nagpur,17720.85,3,2026-02-03,Sports,Net Banking,5906.95,Senior,75.0,Regular
CUST1252,Saanvi Sharma,45,Ahmedabad,6953.445,1,2026-02-23,Beauty,Debit Card,6953.44,Adult,55.0,Regular
CUST1253,Kiara Gupta,54,Pune,8342.92,7,2025-03-13,Electronics,Net Banking,1191.85,Senior,402.0,At Risk
CUST1254,Ira Pawar,48,Bangalore,8420.68,2,2026-08-01,Sports,Upi,4210.34,Senior,0.0,High Value
CUST1255,Atharv Sharma,33,Mumbai,5098.92,8,2025-06-15,Home Appliances,Net Banking,637.36,Adult,308.0,At Risk
CUST1256,Ira Mehta,25,Mumbai,126155.54,1,,Beauty,Cash,126155.54,Young,999.0,At Risk
CUST1257,Myra Kulkarni,38,Hyderabad,4464.8,4,2026-08-02,Groceries,Debit Card,1116.2,Adult,0.0,Low Value
CUST1258,Vivaan Kulkarni,67,Ahmedabad,8822.74,15,2026-02-01,Groceries,Upi,588.18,Senior,77.0,Regular
CUST1259,Saanvi Verma,35,Mumbai,3803.03,13,2025-12-26,Electronics,Cash,292.54,Adult,114.0,Regular
CUST1260,Reyansh Khan,34,Jaipur,10379.8,5,2025-12-01,Beauty,Credit Card,2075.96,Adult,139.0,At Risk
CUST1261,Sai Gupta,36,Jaipur,10023.33,7,2025-02-24,Fashion,Upi,1431.9,Adult,419.0,At Risk
CUST1262,Ishaan Singh,43,Pune,7135.7,5,2026-03-19,Home Appliances,Debit Card,1427.14,Adult,31.0,High Value
CUST1263,Diya Singh,41,Mumbai,3589.74,10,2025-06-01,Home Appliances,Credit Card,358.97,Adult,322.0,At Risk
CUST1264,Atharv Das,58,Mumbai,6953.445,7,2025-03-09,Home Appliances,Debit Card,993.35,Senior,406.0,At Risk
CUST1265,Sai Mehta,43,Delhi,5403.3,13,2025-04-03,Fashion,Credit Card,415.64,Adult,381.0,At Risk
CUST1266,Reyansh Das,24,Nagpur,7088.25,11,2025-05-23,Home Appliances,Cash,644.39,Young,331.0,At Risk
CUST1267,Krishna Jadhav,27,Mumbai,5496.36,2,2025-04-10,Electronics,Upi,2748.18,Adult,374.0,At Risk
CUST1268,Saanvi Shaikh,52,Hyderabad,18897.0,12,2025-05-15,Electronics,Net Banking,1574.75,Senior,339.0,At Risk
CUST1269,Ishaan Pawar,45,Delhi,9690.5,10,2025-08-22,Home Appliances,Debit Card,969.05,Adult,240.0,At Risk
CUST1270,Ira Gupta,54,Pune,10590.84,11,2025-11-17,Fashion,Upi,962.8,Senior,153.0,At Risk
CUST1271,Krishna Bose,68,Jaipur,4358.04,6,2025-12-18,Fashion,Upi,726.34,Senior,122.0,At Risk
CUST1272,Kiara Joshi,32,Kolkata,4451.14,7,2025-12-26,Beauty,Credit Card,635.88,Adult,114.0,Low Value
CUST1273,Ishaan Bose,32,Pune,6453.9,8,2026-03-07,Beauty,Credit Card,806.74,Adult,43.0,Regular
CUST1274,Krishna Das,62,Pune,10229.36,8,2025-08-28,Groceries,Credit Card,1278.67,Senior,234.0,At Risk
CUST1275,Myra Pawar,64,Ahmedabad,6811.11,9,2026-02-06,Fashion,Cash,756.79,Senior,72.0,Regular
CUST1276,Anaya Patel,55,Delhi,16320.33,2,2025-06-03,Sports,Credit Card,8160.16,Senior,320.0,At Risk
CUST1277,Anika Joshi,47,Jaipur,6623.47,7,2025-03-05,Electronics,Credit Card,946.21,Senior,410.0,At Risk
CUST1278,Anika Naik,48,Mumbai,6766.69,7,2025-10-29,Home Appliances,Credit Card,966.67,Senior,172.0,At Risk
CUST1279,Meera Iyer,61,Pune,7811.12,7,2026-03-24,Electronics,Credit Card,1115.87,Senior,26.0,High Value
CUST1280,Diya Das,25,Bangalore,5803.98,13,2025-11-15,Fashion,Debit Card,446.46,Young,155.0,At Risk
CUST1281,Krishna Verma,53,Pune,2577.41,12,2026-02-05,Beauty,Debit Card,214.78,Senior,73.0,Regular
CUST1282,Reyansh Gupta,44,Delhi,10139.2,8,2025-11-23,Fashion,Credit Card,1267.4,Adult,147.0,At Risk
CUST1283,Ira Singh,46,Ahmedabad,5877.49,7,2025-07-09,Electronics,Cash,839.64,Senior,284.0,At Risk
CUST1284,Arjun Pawar,62,Kolkata,12583.8,4,2025-05-21,Sports,Credit Card,3145.95,Senior,333.0,At Risk
CUST1285,Atharv Reddy,58,Mumbai,3172.0,4,2025-11-13,Groceries,Cash,793.0,Senior,157.0,At Risk
CUST1286,Saanvi Bose,38,Nagpur,3961.54,5,2025-06-26,Electronics,Debit Card,792.31,Adult,297.0,At Risk
CUST1287,Vivaan Naik,32,Delhi,2994.63,14,2025-05-12,Sports,Credit Card,213.9,Adult,342.0,At Risk
CUST1288,Sai Singh,52,Hyderabad,8222.67,10,2025-06-15,Beauty,Net Banking,822.27,Senior,308.0,At Risk
CUST1289,Atharv Yadav,40,Bangalore,8093.87,9,2025-07-26,Fashion,Upi,899.32,Adult,267.0,At Risk
CUST1290,Reyansh Kulkarni,23,Pune,6953.445,15,2025-04-05,Home Appliances,Credit Card,463.56,Young,379.0,At Risk
CUST1291,Meera Iyer,53,Jaipur,3664.18,9,2025-07-09,Home Appliances,Debit Card,407.13,Senior,284.0,At Risk
CUST1292,Aarav Pawar,43,Nagpur,13018.09,10,2025-10-21,Home Appliances,Net Banking,1301.81,Adult,180.0,At Risk
CUST1293,Vivaan Khan,26,Kolkata,2269.32,15,2025-02-20,Electronics,Credit Card,151.29,Adult,423.0,At Risk
CUST1294,Ishaan Sharma,66,Chennai,8919.86,11,2025-02-18,Electronics,Net Banking,810.9,Senior,425.0,At Risk
CUST1295,Meera Das,34,Pune,5988.49,5,2026-01-28,Home Appliances,Upi,1197.7,Adult,81.0,Low Value
CUST1296,Reyansh Naik,65,Mumbai,1312.76,2,2026-02-17,Beauty,Credit Card,656.38,Senior,61.0,Low Value
CUST1297,Ishaan Sharma,57,Kolkata,6345.27,13,2025-03-20,Beauty,Net Banking,488.1,Senior,395.0,At Risk
CUST1298,Myra Sharma,57,Chennai,9313.58,12,2026-02-17,Beauty,Cash,776.13,Senior,61.0,Regular
CUST1299,Vihaan Bose,37,Kolkata,8159.91,8,2025-03-22,Sports,Debit Card,1019.99,Adult,393.0,At Risk
CUST1300,Aarav Naik,45,Kolkata,54827.88,11,2025-03-07,Home Appliances,Credit Card,4984.35,Adult,408.0,At Risk
CUST1301,Ira Khan,45,Pune,5032.9,3,2025-03-18,Fashion,Debit Card,1677.63,Adult,397.0,At Risk
CUST1302,Ira Mehta,64,Pune,9322.67,13,2026-03-03,Fashion,Cash,717.13,Senior,47.0,High Value
CUST1303,Aditya More,43,Pune,10008.03,10,2025-05-18,Electronics,Cash,1000.8,Adult,336.0,At Risk
CUST1304,Reyansh Reddy,35,Hyderabad,3469.68,2,2026-01-17,Home Appliances,Debit Card,1734.84,Adult,92.0,Low Value
CUST1305,Arjun Iyer,43,Pune,2370.35,6,2025-02-22,Beauty,Upi,395.06,Adult,421.0,At Risk
CUST1306,Saanvi Nair,64,Ahmedabad,3946.52,6,2025-12-22,Home Appliances,Net Banking,657.75,Senior,118.0,Low Value
CUST1307,Saanvi Khan,43,Mumbai,12992.79,5,2025-02-20,Electronics,Debit Card,2598.56,Adult,423.0,At Risk
CUST1308,Anika Pawar,39,Hyderabad,7101.84,5,2026-01-18,Sports,Upi,1420.37,Adult,91.0,Regular
CUST1309,Krishna Nair,59,Delhi,5019.75,2,2025-04-25,Electronics,Net Banking,2509.88,Senior,359.0,At Risk
CUST1310,Kiara More,43,Jaipur,8817.97,2,2025-10-15,Electronics,Upi,4408.98,Adult,186.0,At Risk
CUST1311,Vivaan Singh,40,Pune,6347.79,11,2025-05-18,Sports,Cash,577.07,Adult,336.0,At Risk
CUST1312,Myra Yadav,28,Hyderabad,5800.06,5,2026-01-14,Fashion,Net Banking,1160.01,Adult,95.0,Low Value
CUST1313,Atharv Shaikh,20,Nagpur,7146.38,6,2025-10-06,Home Appliances,Debit Card,1191.06,Young,195.0,At Risk
CUST1314,Atharv Sharma,43,Jaipur,14433.71,10,2025-09-25,Fashion,Cash,1443.37,Adult,206.0,At Risk
CUST1315,Arjun Iyer,57,Ahmedabad,53693.75,7,2025-05-26,Home Appliances,Credit Card,7670.54,Senior,328.0,At Risk
CUST1316,Aarav Kulkarni,45,Nagpur,10028.22,6,2025-12-02,Groceries,Net Banking,1671.37,Adult,138.0,At Risk
CUST1317,Diya Sharma,32,Nagpur,6953.445,12,2025-05-24,Sports,Debit Card,579.45,Adult,330.0,At Risk
CUST1318,Aditya Mehta,42,Bangalore,8668.37,5,2026-02-24,Fashion,Credit Card,1733.67,Adult,54.0,High Value
CUST1319,Sara Kulkarni,66,Mumbai,10992.77,8,2026-01-15,Electronics,Debit Card,1374.1,Senior,94.0,Regular
CUST1320,Ishaan Yadav,20,Pune,1630.18,14,2025-10-12,Beauty,Cash,116.44,Young,189.0,At Risk
CUST1321,Atharv Pawar,34,Jaipur,13028.97,14,2025-11-30,Home Appliances,Cash,930.64,Adult,140.0,At Risk
CUST1322,Vivaan Naik,68,Chennai,7170.81,6,2025-04-12,Groceries,Credit Card,1195.14,Senior,372.0,At Risk
CUST1323,Anaya Verma,45,Pune,13227.17,10,2025-04-12,Sports,Net Banking,1322.72,Adult,372.0,At Risk
CUST1324,Aarav Jadhav,18,Chennai,5013.22,13,2025-04-22,Electronics,Upi,385.63,Young,362.0,At Risk
CUST1325,Ira Sharma,24,Nagpur,11127.09,11,2025-07-22,Fashion,Net Banking,1011.55,Young,271.0,At Risk
CUST1326,Vihaan Verma,46,Ahmedabad,178372.57,8,2026-01-05,Home Appliances,Debit Card,22296.57,Senior,104.0,Regular
CUST1327,Myra Mehta,68,Bangalore,10892.89,11,2026-02-03,Home Appliances,Credit Card,990.26,Senior,75.0,Regular
CUST1328,Sai Gupta,43,Delhi,24267.43,9,2025-01-05,Home Appliances,Credit Card,2696.38,Adult,469.0,At Risk
CUST1329,Vihaan Bose,66,Hyderabad,5635.22,3,2025-09-07,Home Appliances,Debit Card,1878.41,Senior,224.0,At Risk
CUST1330,Sai Yadav,21,Nagpur,6953.445,11,2025-07-19,Electronics,Upi,632.13,Young,274.0,At Risk
CUST1331,Vivaan Singh,45,Mumbai,2371.68,10,2025-04-11,Electronics,Debit Card,237.17,Adult,373.0,At Risk
CUST1332,Aadhya Das,61,Mumbai,15068.23,1,2025-03-10,Home Appliances,Upi,15068.23,Senior,405.0,At Risk
CUST1333,Aarav Das,43,Kolkata,3642.5,8,2025-05-23,Electronics,Debit Card,455.31,Adult,331.0,At Risk
CUST1334,Meera Bose,19,Pune,8068.75,2,2025-03-26,Beauty,Upi,4034.38,Young,389.0,At Risk
CUST1335,Vivaan Mehta,32,Hyderabad,13966.89,14,2025-10-27,Home Appliances,Cash,997.64,Adult,174.0,At Risk
CUST1336,Reyansh More,63,Kolkata,18946.92,4,2025-03-22,Groceries,Cash,4736.73,Senior,393.0,At Risk
CUST1337,Krishna Bose,37,Nagpur,5283.41,3,2025-05-20,Fashion,Upi,1761.14,Adult,334.0,At Risk
CUST1338,Aadhya Shaikh,67,Hyderabad,5001.1,7,2025-08-14,Electronics,Credit Card,714.44,Senior,248.0,At Risk
CUST1339,Ira Shaikh,25,Kolkata,9567.18,15,2025-06-07,Electronics,Net Banking,637.81,Young,316.0,At Risk
CUST1340,Ishaan Nair,43,Jaipur,169937.71,3,2025-02-10,Beauty,Upi,56645.9,Adult,433.0,At Risk
CUST1341,Aarav Patel,67,Bangalore,6721.81,13,2026-07-03,Home Appliances,Credit Card,517.06,Senior,0.0,Regular
CUST1342,Sara Mehta,46,Hyderabad,3468.02,3,2025-11-13,Electronics,Upi,1156.01,Senior,157.0,At Risk
CUST1343,Vihaan Verma,45,Delhi,11254.31,11,2025-10-28,Electronics,Debit Card,1023.12,Adult,173.0,At Risk
CUST1344,Anaya Sharma,35,Pune,8680.17,9,2025-02-19,Fashion,Debit Card,964.46,Adult,424.0,At Risk
CUST1345,Ira Das,24,Mumbai,5321.93,4,2025-08-02,Sports,Credit Card,1330.48,Young,260.0,At Risk
CUST1346,Aditya Mehta,60,Chennai,15070.08,10,2025-05-14,Groceries,Credit Card,1507.01,Senior,340.0,At Risk
CUST1347,Arjun Bose,55,Pune,5257.66,10,2025-11-24,Home Appliances,Upi,525.77,Senior,146.0,At Risk
CUST1348,Aarav Iyer,33,Kolkata,7496.02,11,2026-01-03,Electronics,Net Banking,681.46,Adult,106.0,Regular
CUST1349,Aditya Verma,45,Pune,7511.61,14,2025-03-17,Electronics,Debit Card,536.54,Adult,398.0,At Risk
CUST1350,Arjun More,29,Jaipur,9850.51,2,2026-02-02,Sports,Upi,4925.26,Adult,76.0,Regular
CUST1351,Aditya Singh,37,Mumbai,6222.76,8,2026-04-02,Beauty,Debit Card,777.84,Adult,17.0,Regular
CUST1352,Kiara Pawar,28,Bangalore,4283.23,1,2026-03-19,Fashion,Net Banking,4283.23,Adult,31.0,Low Value
CUST1353,Atharv Kulkarni,54,Jaipur,9989.47,14,2025-10-12,Sports,Cash,713.53,Senior,189.0,At Risk
CUST1354,Meera Shaikh,40,Chennai,13240.74,8,2025-06-27,Fashion,Credit Card,1655.09,Adult,296.0,At Risk
CUST1355,Vivaan Mehta,65,Pune,3535.61,5,2025-08-26,Electronics,Debit Card,707.12,Senior,236.0,At Risk
CUST1356,Diya Shaikh,35,Ahmedabad,8845.98,9,2026-03-14,Home Appliances,Net Banking,982.89,Adult,36.0,High Value
CUST1357,Vivaan Verma,56,Nagpur,5796.16,9,2025-05-07,Home Appliances,Debit Card,644.02,Senior,347.0,At Risk
CUST1358,Vihaan Reddy,45,Pune,5619.54,8,2025-08-22,Sports,Credit Card,702.44,Adult,240.0,At Risk
CUST1359,Anaya Naik,20,Jaipur,7999.81,14,2025-03-03,Home Appliances,Net Banking,571.42,Young,412.0,At Risk
CUST1360,Aarav Iyer,29,Jaipur,5963.83,9,2025-08-31,Sports,Cash,662.65,Adult,231.0,At Risk
CUST1361,Atharv Patel,56,Nagpur,12428.71,4,2025-02-26,Groceries,Cash,3107.18,Senior,417.0,At Risk
CUST1362,Saanvi Gupta,41,Pune,14142.45,10,2025-07-06,Fashion,Debit Card,1414.24,Adult,287.0,At Risk
CUST1363,Aarav Gupta,66,Ahmedabad,12548.89,2,2025-12-28,Electronics,Credit Card,6274.44,Senior,112.0,Regular
CUST1364,Meera Khan,60,Delhi,8922.06,9,2025-02-04,Electronics,Debit Card,991.34,Senior,439.0,At Risk
CUST1365,Ira Yadav,40,Bangalore,4266.79,9,2026-01-19,Beauty,Credit Card,474.09,Adult,90.0,Regular
CUST1366,Saanvi Jadhav,29,Nagpur,9289.73,1,2025-08-23,Sports,Credit Card,9289.73,Adult,239.0,At Risk
CUST1367,Sai Jadhav,43,Hyderabad,6943.82,1,2026-01-28,Sports,Credit Card,6943.82,Adult,81.0,Low Value
CUST1368,Saanvi Verma,56,Kolkata,12149.86,7,2025-07-31,Electronics,Upi,1735.69,Senior,262.0,At Risk
CUST1369,Aditya Iyer,43,Bangalore,15815.49,3,2025-11-04,Sports,Cash,5271.83,Adult,166.0,At Risk
CUST1370,Krishna Jadhav,45,Bangalore,5068.22,5,2025-02-14,Beauty,Debit Card,1013.64,Adult,429.0,At Risk
CUST1371,Reyansh Das,33,Bangalore,6953.445,6,2025-06-23,Sports,Credit Card,1158.91,Adult,300.0,At Risk
CUST1372,Aarav Shaikh,57,Pune,1835.41,15,2025-12-17,Electronics,Upi,122.36,Senior,123.0,At Risk
CUST1373,Meera Shaikh,43,Jaipur,12021.92,6,2025-10-25,Fashion,Credit Card,2003.65,Adult,176.0,At Risk
CUST1374,Meera Khan,38,Jaipur,4450.45,6,2025-07-25,Groceries,Upi,741.74,Adult,268.0,At Risk
CUST1375,Anaya Verma,32,Mumbai,7032.53,4,2025-11-03,Electronics,Cash,1758.13,Adult,167.0,At Risk
CUST1376,Myra Singh,39,Ahmedabad,3698.11,8,2026-01-30,Beauty,Credit Card,462.26,Adult,79.0,Regular
CUST1377,Kiara Khan,62,Hyderabad,7219.76,8,2026-03-02,Fashion,Cash,902.47,Senior,48.0,High Value
CUST1378,Anika Kulkarni,61,Mumbai,4116.8,6,2025-12-28,Electronics,Debit Card,686.13,Senior,112.0,Low Value
CUST1379,Aditya Pawar,48,Delhi,6680.74,9,2025-10-01,Beauty,Credit Card,742.3,Senior,200.0,At Risk
CUST1380,Myra Kulkarni,32,Chennai,5115.94,1,2025-11-11,Home Appliances,Net Banking,5115.94,Adult,159.0,At Risk
CUST1381,Ishaan More,34,Pune,3077.92,13,2025-07-30,Fashion,Cash,236.76,Adult,263.0,At Risk
CUST1382,Ira Patel,23,Pune,7563.67,10,2025-09-15,Electronics,Credit Card,756.37,Young,216.0,At Risk
CUST1383,Aarav Verma,45,Kolkata,5488.33,11,2025-06-02,Home Appliances,Debit Card,498.94,Adult,321.0,At Risk
CUST1384,Anika Reddy,36,Ahmedabad,7205.15,13,,Groceries,Upi,554.24,Adult,999.0,At Risk
CUST1385,Aarav Das,52,Hyderabad,11446.71,11,2025-02-25,Home Appliances,Cash,1040.61,Senior,418.0,At Risk
CUST1386,Kiara Gupta,62,Chennai,12101.91,15,2025-09-12,Groceries,Credit Card,806.79,Senior,219.0,At Risk
CUST1387,Vihaan Sharma,43,Pune,7407.27,2,2025-03-24,Beauty,Credit Card,3703.64,Adult,391.0,At Risk
CUST1388,Ishaan Sharma,51,Mumbai,9287.13,14,2025-12-29,Electronics,Net Banking,663.37,Senior,111.0,Regular
CUST1389,Atharv Mehta,49,Delhi,2266.16,15,2025-11-13,Home Appliances,Credit Card,151.08,Senior,157.0,At Risk
CUST1390,Saanvi Gupta,32,Hyderabad,7929.24,6,2025-09-20,Groceries,Upi,1321.54,Adult,211.0,At Risk
CUST1391,Sara Sharma,65,Chennai,6004.58,10,2025-10-08,Electronics,Cash,600.46,Senior,193.0,At Risk
CUST1392,Meera Nair,69,Hyderabad,2926.1,9,2025-05-22,Sports,Credit Card,325.12,Senior,332.0,At Risk
CUST1393,Saanvi Das,58,Mumbai,4798.17,7,2025-03-15,Sports,Upi,685.45,Senior,400.0,At Risk
CUST1394,Aditya Naik,29,Pune,6953.445,3,2025-04-20,Groceries,Cash,2317.82,Adult,364.0,At Risk
CUST1395,Kiara Pawar,61,Delhi,64389.88,11,2026-01-19,Fashion,Upi,5853.63,Senior,90.0,Regular
CUST1396,Diya Iyer,64,Delhi,12763.44,15,2025-03-21,Groceries,Cash,850.9,Senior,394.0,At Risk
CUST1397,Meera Iyer,32,Mumbai,1849.38,10,2025-03-10,Fashion,Credit Card,184.94,Adult,405.0,At Risk
CUST1398,Sai Patel,54,Chennai,4712.78,5,2026-03-05,Electronics,Debit Card,942.56,Senior,45.0,Low Value
CUST1399,Kiara Shaikh,46,Delhi,3367.19,13,2026-02-26,Groceries,Upi,259.01,Senior,52.0,Regular
CUST1400,Krishna Joshi,46,Bangalore,2216.07,6,2025-08-05,Sports,Cash,369.34,Senior,257.0,At Risk
CUST1401,Sara Singh,37,Jaipur,3479.99,7,,Beauty,Cash,497.14,Adult,999.0,At Risk
CUST1402,Vivaan Verma,59,Mumbai,5524.25,5,,Beauty,Cash,1104.85,Senior,999.0,At Risk
CUST1403,Aditya More,49,Hyderabad,2078.74,5,2026-01-03,Electronics,Net Banking,415.75,Senior,106.0,Low Value
CUST1404,Krishna Joshi,38,Pune,4248.51,12,2026-02-13,Fashion,Cash,354.04,Adult,65.0,Regular
CUST1405,Atharv Bose,59,Kolkata,4415.79,3,2025-06-22,Beauty,Debit Card,1471.93,Senior,301.0,At Risk
CUST1406,Vivaan Nair,19,Pune,6666.03,13,2025-07-06,Beauty,Net Banking,512.77,Young,287.0,At Risk
CUST1407,Ishaan Joshi,30,Ahmedabad,9587.65,11,2025-10-21,Sports,Net Banking,871.6,Adult,180.0,At Risk
CUST1408,Reyansh Singh,43,Bangalore,50241.12,4,2026-01-25,Electronics,Credit Card,12560.28,Adult,84.0,Regular
CUST1409,Atharv Mehta,53,Bangalore,7384.39,13,2025-02-20,Fashion,Debit Card,568.03,Senior,423.0,At Risk
CUST1410,Anika Das,31,Mumbai,6869.48,6,2026-10-03,Beauty,Debit Card,1144.91,Adult,0.0,Low Value
CUST1411,Kiara More,45,Kolkata,10092.46,13,2025-09-26,Sports,Credit Card,776.34,Adult,205.0,At Risk
CUST1412,Ishaan Patel,38,Kolkata,5030.14,13,2025-05-19,Electronics,Net Banking,386.93,Adult,335.0,At Risk
CUST1413,Vivaan Reddy,49,Pune,6316.72,11,2026-02-17,Beauty,Upi,574.25,Senior,61.0,Regular
CUST1414,Reyansh Shaikh,48,Kolkata,581.89,5,2025-06-14,Groceries,Net Banking,116.38,Senior,309.0,At Risk
CUST1415,Kiara More,46,Kolkata,12794.46,4,2025-12-26,Fashion,Upi,3198.62,Senior,114.0,Regular
CUST1416,Diya Iyer,45,Hyderabad,2498.73,3,2026-02-02,Home Appliances,Cash,832.91,Adult,76.0,Low Value
CUST1417,Sai Jadhav,18,Ahmedabad,3369.42,11,2025-09-01,Electronics,Credit Card,306.31,Young,230.0,At Risk
CUST1418,Meera Singh,26,Hyderabad,11347.33,13,2026-01-05,Electronics,Debit Card,872.87,Adult,104.0,Regular
CUST1419,Krishna Patel,64,Jaipur,5631.29,11,2025-11-15,Fashion,Debit Card,511.94,Senior,155.0,At Risk
CUST1420,Vivaan Nair,36,Pune,5806.38,10,2025-11-06,Groceries,Debit Card,580.64,Adult,164.0,At Risk
CUST1421,Aarav Patel,36,Delhi,10277.08,8,2025-12-07,Electronics,Credit Card,1284.64,Adult,133.0,At Risk
CUST1422,Saanvi Kulkarni,21,Ahmedabad,2577.26,14,2025-05-09,Home Appliances,Debit Card,184.09,Young,345.0,At Risk
CUST1423,Saanvi Verma,42,Bangalore,6936.66,5,2025-08-29,Groceries,Credit Card,1387.33,Adult,233.0,At Risk
CUST1424,Sara More,67,Mumbai,7880.57,4,2026-02-25,Groceries,Upi,1970.14,Senior,53.0,High Value
CUST1425,Saanvi Iyer,34,Mumbai,7719.86,6,2025-05-16,Electronics,Credit Card,1286.64,Adult,338.0,At Risk
CUST1426,Ira Mehta,59,Mumbai,6495.82,13,2025-05-28,Electronics,Debit Card,499.68,Senior,326.0,At Risk
CUST1427,Vivaan Bose,61,Mumbai,4106.48,9,2026-03-24,Beauty,Cash,456.28,Senior,26.0,Regular
CUST1428,Anaya Shaikh,36,Chennai,9216.84,12,2026-03-16,Electronics,Debit Card,768.07,Adult,34.0,High Value
CUST1429,Vivaan Khan,48,Pune,11672.73,14,2026-01-01,Electronics,Upi,833.77,Senior,108.0,Regular
CUST1430,Aditya Nair,24,Bangalore,7754.58,12,2026-01-05,Groceries,Upi,646.22,Young,104.0,Regular
CUST1431,Myra Verma,35,Pune,6953.445,8,2025-05-04,Home Appliances,Cash,869.18,Adult,350.0,At Risk
CUST1432,Ira Patel,50,Bangalore,312879.65,3,2025-09-03,Fashion,Upi,104293.22,Senior,228.0,At Risk
CUST1433,Myra Gupta,43,Jaipur,5729.22,8,2025-10-11,Electronics,Net Banking,716.15,Adult,190.0,At Risk
CUST1434,Atharv Gupta,59,Kolkata,2928.44,12,2025-04-10,Groceries,Debit Card,244.04,Senior,374.0,At Risk
CUST1435,Anika Bose,26,Jaipur,8474.01,10,2025-12-02,Electronics,Net Banking,847.4,Adult,138.0,At Risk
CUST1436,Ishaan Das,20,Delhi,8738.82,5,2026-01-24,Electronics,Debit Card,1747.76,Young,85.0,Regular
CUST1437,Sara Singh,37,Pune,6767.81,5,2025-09-05,Beauty,Debit Card,1353.56,Adult,226.0,At Risk
CUST1438,Aditya Mehta,55,Pune,5227.23,14,2025-03-28,Fashion,Upi,373.37,Senior,387.0,At Risk
CUST1439,Ira Singh,45,Nagpur,9692.22,5,2026-03-14,Sports,Cash,1938.44,Adult,36.0,High Value
CUST1440,Anaya Kulkarni,60,Pune,11243.58,11,2025-11-15,Home Appliances,Net Banking,1022.14,Senior,155.0,At Risk
CUST1441,Sai Reddy,37,Pune,6781.98,5,2025-04-12,Fashion,Cash,1356.4,Adult,372.0,At Risk
CUST1442,Vihaan Iyer,35,Kolkata,8440.42,2,2025-09-10,Electronics,Net Banking,4220.21,Adult,221.0,At Risk
CUST1443,Aadhya Gupta,56,Jaipur,5033.63,7,2025-06-30,Beauty,Net Banking,719.09,Senior,293.0,At Risk
CUST1444,Anika Singh,45,Kolkata,8873.26,5,2025-12-23,Electronics,Upi,1774.65,Adult,117.0,Regular
CUST1445,Reyansh Gupta,52,Ahmedabad,11354.36,13,2025-08-08,Sports,Debit Card,873.41,Senior,254.0,At Risk
CUST1446,Sai Nair,43,Pune,4790.98,5,2025-06-11,Home Appliances,Upi,958.2,Adult,312.0,At Risk
CUST1447,Ira Singh,50,Delhi,3324.42,15,2025-10-13,Beauty,Credit Card,221.63,Senior,188.0,At Risk
CUST1448,Sara Nair,65,Delhi,8954.11,13,2025-04-11,Home Appliances,Cash,688.78,Senior,373.0,At Risk
CUST1449,Reyansh Sharma,45,Chennai,192720.19,13,2026-01-16,Sports,Upi,14824.63,Adult,93.0,Regular
CUST1450,Anaya Patel,57,Kolkata,3984.71,9,2025-11-26,Electronics,Debit Card,442.75,Senior,144.0,At Risk
CUST1451,Sara Das,42,Kolkata,12581.54,9,2025-02-22,Beauty,Debit Card,1397.95,Adult,421.0,At Risk
CUST1452,Aadhya Naik,33,Delhi,8569.94,11,2026-03-22,Beauty,Debit Card,779.09,Adult,28.0,High Value
CUST1453,Meera More,69,Pune,2080.76,8,2025-11-15,Home Appliances,Credit Card,260.1,Senior,155.0,At Risk
CUST1454,Sara Nair,34,Mumbai,6236.85,13,2025-12-13,Electronics,Net Banking,479.76,Adult,127.0,At Risk
CUST1455,Sai Khan,48,Ahmedabad,10678.79,11,2025-06-07,Home Appliances,Cash,970.8,Senior,316.0,At Risk
CUST1456,Atharv Singh,30,Delhi,9722.56,8,2025-04-25,Groceries,Debit Card,1215.32,Adult,359.0,At Risk
CUST1457,Meera Iyer,31,Jaipur,9695.88,7,,Home Appliances,Cash,1385.13,Adult,999.0,At Risk
CUST1458,Vihaan Iyer,56,Nagpur,3731.92,6,2025-03-15,Sports,Upi,621.99,Senior,400.0,At Risk
CUST1459,Sara More,33,Jaipur,5390.12,14,2025-08-04,Home Appliances,Credit Card,385.01,Adult,258.0,At Risk
CUST1460,Aadhya Jadhav,47,Pune,3742.11,10,2025-10-10,Electronics,Debit Card,374.21,Senior,191.0,At Risk
CUST1461,Krishna Joshi,44,Bangalore,6480.07,14,2025-04-29,Electronics,Net Banking,462.86,Adult,355.0,At Risk
CUST1462,Kiara Patel,28,Mumbai,10633.45,5,2025-04-07,Beauty,Cash,2126.69,Adult,377.0,At Risk
CUST1463,Reyansh Nair,43,Bangalore,4698.58,13,2025-05-24,Electronics,Net Banking,361.43,Adult,330.0,At Risk
CUST1464,Aadhya Kulkarni,43,Mumbai,6855.52,9,2025-07-06,Beauty,Credit Card,761.72,Adult,287.0,At Risk
CUST1465,Reyansh Jadhav,67,Kolkata,6095.58,3,2025-12-23,Sports,Upi,2031.86,Senior,117.0,Low Value
CUST1466,Arjun Nair,65,Hyderabad,7925.72,15,2026-03-05,Electronics,Upi,528.38,Senior,45.0,High Value
CUST1467,Meera Mehta,53,Ahmedabad,8926.2,8,,Fashion,Upi,1115.78,Senior,999.0,At Risk
CUST1468,Arjun Singh,69,Pune,2784.82,13,2025-09-21,Fashion,Upi,214.22,Senior,210.0,At Risk
CUST1469,Diya Yadav,55,Hyderabad,3024.24,14,2026-01-06,Home Appliances,Credit Card,216.02,Senior,103.0,Regular
CUST1470,Aadhya Yadav,39,Jaipur,3729.26,5,2025-04-16,Home Appliances,Cash,745.85,Adult,368.0,At Risk
CUST1471,Vivaan Das,43,Delhi,15113.83,9,2025-09-28,Groceries,Debit Card,1679.31,Adult,203.0,At Risk
CUST1472,Reyansh Naik,43,Jaipur,4430.44,1,2026-03-31,Groceries,Net Banking,4430.44,Adult,19.0,Low Value
CUST1473,Saanvi Yadav,21,Pune,8564.69,7,2026-01-21,Groceries,Cash,1223.53,Young,88.0,Regular
CUST1474,Myra Mehta,51,Delhi,6239.73,7,2026-01-12,Groceries,Net Banking,891.39,Senior,97.0,Low Value
CUST1475,Myra Shaikh,68,Chennai,5156.2,7,2025-09-20,Sports,Upi,736.6,Senior,211.0,At Risk
CUST1476,Ishaan Verma,43,Mumbai,3776.67,3,2026-03-12,Groceries,Debit Card,1258.89,Adult,38.0,Low Value
CUST1477,Anaya Das,45,Mumbai,12189.44,6,2025-05-20,Home Appliances,Upi,2031.57,Adult,334.0,At Risk
CUST1478,Sara Reddy,47,Pune,8944.77,2,2025-07-02,Sports,Cash,4472.38,Senior,291.0,At Risk
CUST1479,Meera Bose,40,Nagpur,9734.35,12,2025-08-12,Beauty,Upi,811.2,Adult,250.0,At Risk
CUST1480,Meera Gupta,43,Mumbai,6286.81,6,2025-04-30,Fashion,Net Banking,1047.8,Adult,354.0,At Risk
CUST1481,Aarav Sharma,32,Pune,3075.8,7,2025-10-21,Home Appliances,Debit Card,439.4,Adult,180.0,At Risk
CUST1482,Sai Nair,21,Hyderabad,14031.51,6,2025-04-26,Electronics,Credit Card,2338.58,Young,358.0,At Risk
CUST1483,Krishna Joshi,64,Pune,9553.22,10,2025-05-01,Fashion,Net Banking,955.32,Senior,353.0,At Risk
CUST1484,Aadhya Nair,43,Ahmedabad,6716.93,14,2026-02-25,Home Appliances,Cash,479.78,Adult,53.0,Regular
CUST1485,Anaya Singh,40,Chennai,15450.57,15,2025-03-06,Electronics,Credit Card,1030.04,Adult,409.0,At Risk
CUST1486,Anaya Naik,31,Pune,11357.56,1,2025-09-22,Electronics,Cash,11357.56,Adult,209.0,At Risk
CUST1487,Sai Pawar,68,Kolkata,8148.22,1,2025-09-26,Sports,Debit Card,8148.22,Senior,205.0,At Risk
CUST1488,Krishna Singh,19,Chennai,3025.56,11,2025-12-21,Electronics,Net Banking,275.05,Young,119.0,Regular
CUST1489,Aarav Mehta,55,Kolkata,5374.67,9,2025-03-20,Sports,Credit Card,597.19,Senior,395.0,At Risk
CUST1490,Myra Pawar,41,Pune,9157.9,8,2026-02-18,Beauty,Net Banking,1144.74,Adult,60.0,Regular
CUST1491,Sara Mehta,54,Delhi,6953.445,11,2025-03-21,Groceries,Debit Card,632.13,Senior,394.0,At Risk
CUST1492,Saanvi More,61,Delhi,2601.33,10,2025-04-28,Electronics,Upi,260.13,Senior,356.0,At Risk
CUST1493,Meera Jadhav,20,Pune,5946.32,15,2026-02-11,Electronics,Net Banking,396.42,Young,67.0,Regular
CUST1494,Aditya Nair,45,Nagpur,2365.98,1,2025-09-07,Electronics,Debit Card,2365.98,Adult,224.0,At Risk
CUST1495,Aditya Gupta,33,Nagpur,10916.66,9,2025-10-29,Groceries,Cash,1212.96,Adult,172.0,At Risk
CUST1496,Vihaan Bose,24,Pune,4097.13,12,,Groceries,Credit Card,341.43,Young,999.0,At Risk
CUST1497,Vihaan Verma,50,Delhi,5755.93,4,,Beauty,Debit Card,1438.98,Senior,999.0,At Risk
CUST1498,Ishaan Jadhav,32,Hyderabad,8144.95,8,2025-12-22,Home Appliances,Upi,1018.12,Adult,118.0,Regular
CUST1499,Anaya Mehta,36,Ahmedabad,4648.51,12,2025-07-29,Electronics,Upi,387.38,Adult,264.0,At Risk
CUST1500,Aadhya Pawar,68,Kolkata,2949.24,5,2025-09-21,Electronics,Upi,589.85,Senior,210.0,At Risk
CUST1501,Reyansh Nair,22,Chennai,8027.46,5,2025-03-20,Sports,Upi,1605.49,Young,395.0,At Risk
CUST1502,Diya Khan,43,Nagpur,3518.47,2,2025-11-30,Home Appliances,Cash,1759.24,Adult,140.0,At Risk
CUST1503,Meera Singh,20,Chennai,3968.09,10,,Home Appliances,Debit Card,396.81,Young,999.0,At Risk
CUST1504,Atharv Mehta,22,Mumbai,6953.445,12,2026-03-24,Sports,Net Banking,579.45,Young,26.0,Regular
CUST1505,Arjun Shaikh,53,Nagpur,8822.13,14,2025-02-08,Home Appliances,Credit Card,630.15,Senior,435.0,At Risk
CUST1506,Myra Jadhav,38,Pune,5788.95,13,2026-02-16,Home Appliances,Upi,445.3,Adult,62.0,Regular
CUST1507,Krishna Nair,23,Nagpur,10037.55,8,2026-03-02,Sports,Upi,1254.69,Young,48.0,High Value
CUST1508,Saanvi Singh,41,Nagpur,5680.86,9,,Groceries,Debit Card,631.21,Adult,999.0,At Risk
CUST1509,Anika Shaikh,42,Pune,13921.32,7,2025-08-31,Electronics,Cash,1988.76,Adult,231.0,At Risk
CUST1510,Reyansh Patel,64,Pune,17260.1,8,2025-05-27,Electronics,Cash,2157.51,Senior,327.0,At Risk
CUST1511,Diya Singh,45,Jaipur,2808.6,9,2025-02-22,Sports,Credit Card,312.07,Adult,421.0,At Risk
CUST1512,Diya Kulkarni,47,Nagpur,3804.73,9,2025-02-15,Electronics,Debit Card,422.75,Senior,428.0,At Risk
CUST1513,Krishna Yadav,30,Delhi,3366.08,2,2025-10-27,Groceries,Cash,1683.04,Adult,174.0,At Risk
CUST1514,Myra Mehta,54,Pune,8316.94,12,2025-07-04,Electronics,Debit Card,693.08,Senior,289.0,At Risk
CUST1515,Sara Nair,22,Ahmedabad,7294.61,8,2026-02-20,Fashion,Debit Card,911.83,Young,58.0,High Value
CUST1516,Arjun Joshi,52,Delhi,6053.24,13,2025-07-08,Electronics,Credit Card,465.63,Senior,285.0,At Risk
CUST1517,Kiara Verma,43,Delhi,13905.38,8,2025-05-27,Electronics,Net Banking,1738.17,Adult,327.0,At Risk
CUST1518,Aarav Bose,61,Jaipur,10028.21,14,2025-12-19,Electronics,Debit Card,716.3,Senior,121.0,At Risk
CUST1519,Sai More,65,Mumbai,6878.89,9,,Fashion,Debit Card,764.32,Senior,999.0,At Risk
CUST1520,Myra Naik,60,Nagpur,6058.67,2,,Groceries,Cash,3029.34,Senior,999.0,At Risk
CUST1521,Anika Nair,29,Kolkata,4672.0,14,2025-08-18,Groceries,Cash,333.71,Adult,244.0,At Risk
CUST1522,Meera Mehta,21,Mumbai,4189.81,1,2025-08-26,Fashion,Debit Card,4189.81,Young,236.0,At Risk
CUST1523,Aditya Yadav,43,Kolkata,48402.38,4,2025-12-05,Home Appliances,Debit Card,12100.6,Adult,135.0,At Risk
CUST1524,Anika Reddy,32,Mumbai,6733.6,8,2025-03-17,Home Appliances,Cash,841.7,Adult,398.0,At Risk
CUST1525,Myra Shaikh,64,Hyderabad,12914.58,3,2025-04-24,Beauty,Credit Card,4304.86,Senior,360.0,At Risk
CUST1526,Aditya Sharma,67,Pune,1552.18,5,,Groceries,Upi,310.44,Senior,999.0,At Risk
CUST1527,Diya Jadhav,54,Chennai,12273.31,14,2025-04-10,Beauty,Credit Card,876.66,Senior,374.0,At Risk
CUST1528,Sai Nair,36,Delhi,5067.88,10,2025-08-13,Home Appliances,Debit Card,506.79,Adult,249.0,At Risk
CUST1529,Anaya Yadav,27,Bangalore,3798.37,1,2026-01-06,Groceries,Cash,3798.37,Adult,103.0,Low Value
CUST1530,Sara Mehta,66,Nagpur,6953.445,4,2025-11-11,Electronics,Debit Card,1738.36,Senior,159.0,At Risk
CUST1531,Vivaan Pawar,50,Nagpur,3470.39,8,2025-08-25,Groceries,Net Banking,433.8,Senior,237.0,At Risk
CUST1532,Anika Patel,32,Chennai,2232.98,5,2026-03-13,Electronics,Net Banking,446.6,Adult,37.0,Low Value
CUST1533,Myra Iyer,18,Jaipur,5401.24,13,2026-05-02,Sports,Debit Card,415.48,Young,0.0,Regular
CUST1534,Atharv Mehta,61,Bangalore,87746.13,8,2025-09-22,Electronics,Debit Card,10968.27,Senior,209.0,At Risk
CUST1535,Anika Bose,37,Pune,2041.84,7,2025-03-24,Sports,Credit Card,291.69,Adult,391.0,At Risk
CUST1536,Sara Reddy,24,Hyderabad,6580.85,14,2026-02-03,Groceries,Net Banking,470.06,Young,75.0,Regular
CUST1537,Vivaan Nair,35,Nagpur,11552.35,12,2025-02-13,Groceries,Net Banking,962.7,Adult,430.0,At Risk
CUST1538,Meera Jadhav,52,Bangalore,4768.43,11,2025-12-19,Home Appliances,Credit Card,433.49,Senior,121.0,At Risk
CUST1539,Ishaan Shaikh,43,Pune,9312.97,2,2025-05-26,Electronics,Net Banking,4656.48,Adult,328.0,At Risk
CUST1540,Aadhya Naik,51,Mumbai,1471.41,3,2025-02-27,Home Appliances,Cash,490.47,Senior,416.0,At Risk
CUST1541,Aadhya Pawar,21,Bangalore,3953.19,15,2025-02-21,Fashion,Upi,263.55,Young,422.0,At Risk
CUST1542,Aarav Gupta,21,Mumbai,6875.32,2,,Fashion,Net Banking,3437.66,Young,999.0,At Risk
CUST1543,Myra More,21,Pune,7193.82,2,2026-02-15,Groceries,Upi,3596.91,Young,63.0,Regular
CUST1544,Aditya Kulkarni,43,Pune,6132.24,3,2025-12-29,Beauty,Net Banking,2044.08,Adult,111.0,Low Value
CUST1545,Myra Iyer,24,Jaipur,11685.93,3,2025-04-03,Sports,Debit Card,3895.31,Young,381.0,At Risk
CUST1546,Myra Joshi,36,Jaipur,5856.43,3,2025-12-14,Groceries,Debit Card,1952.14,Adult,126.0,At Risk
CUST1547,Vivaan Reddy,43,Jaipur,10782.12,3,2025-07-17,Electronics,Net Banking,3594.04,Adult,276.0,At Risk
CUST1548,Diya Iyer,69,Mumbai,6047.44,12,2026-01-07,Home Appliances,Net Banking,503.95,Senior,102.0,Regular
CUST1549,Anika Singh,30,Ahmedabad,11079.23,8,2025-11-24,Sports,Upi,1384.9,Adult,146.0,At Risk
CUST1550,Diya Iyer,20,Chennai,4196.54,15,2025-05-09,Groceries,Credit Card,279.77,Young,345.0,At Risk
CUST1551,Vivaan Singh,23,Chennai,8678.24,7,2026-02-15,Groceries,Upi,1239.75,Young,63.0,Regular
CUST1552,Vihaan Pawar,40,Nagpur,8855.63,5,2025-06-16,Groceries,Debit Card,1771.13,Adult,307.0,At Risk
CUST1553,Sara Khan,64,Jaipur,9233.12,10,2025-11-29,Beauty,Cash,923.31,Senior,141.0,At Risk
CUST1554,Ishaan Bose,35,Mumbai,5451.81,5,2025-02-10,Groceries,Net Banking,1090.36,Adult,433.0,At Risk
CUST1555,Aadhya Naik,37,Pune,20458.96,8,2025-09-26,Home Appliances,Cash,2557.37,Adult,205.0,At Risk
CUST1556,Arjun Joshi,40,Mumbai,8326.88,10,2025-07-15,Home Appliances,Credit Card,832.69,Adult,278.0,At Risk
CUST1557,Vivaan Pawar,32,Pune,9596.11,11,2025-11-29,Home Appliances,Credit Card,872.37,Adult,141.0,At Risk
CUST1558,Anika Pawar,52,Delhi,8523.94,15,2025-03-09,Sports,Net Banking,568.26,Senior,406.0,At Risk
CUST1559,Aditya Khan,27,Hyderabad,9655.11,1,,Sports,Credit Card,9655.11,Adult,999.0,At Risk
CUST1560,Vivaan Mehta,22,Ahmedabad,6408.4,8,2025-04-07,Beauty,Net Banking,801.05,Young,377.0,At Risk
CUST1561,Arjun Yadav,18,Mumbai,6584.08,14,2025-10-09,Home Appliances,Credit Card,470.29,Young,192.0,At Risk
CUST1562,Sara Shaikh,25,Kolkata,7962.35,15,2025-07-27,Sports,Cash,530.82,Young,266.0,At Risk
CUST1563,Anika Bose,63,Bangalore,4012.08,4,2026-02-23,Beauty,Debit Card,1003.02,Senior,55.0,Low Value
CUST1564,Meera Yadav,40,Mumbai,6950.31,5,2026-01-18,Home Appliances,Cash,1390.06,Adult,91.0,Low Value
CUST1565,Reyansh Bose,44,Pune,9524.35,7,2025-05-04,Electronics,Cash,1360.62,Adult,350.0,At Risk
CUST1566,Anika Kulkarni,63,Nagpur,12689.46,9,2026-01-24,Home Appliances,Upi,1409.94,Senior,85.0,Regular
CUST1567,Meera Shaikh,23,Pune,11005.08,4,2025-09-04,Sports,Cash,2751.27,Young,227.0,At Risk
CUST1568,Meera More,32,Delhi,8698.32,12,2025-03-05,Home Appliances,Net Banking,724.86,Adult,410.0,At Risk
CUST1569,Sara Patel,27,Chennai,3189.61,15,2026-01-23,Beauty,Upi,212.64,Adult,86.0,Regular
CUST1570,Aarav Sharma,52,Pune,9212.83,7,2025-07-16,Groceries,Credit Card,1316.12,Senior,277.0,At Risk
CUST1571,Aditya Pawar,43,Mumbai,9277.39,4,2025-05-03,Beauty,Upi,2319.35,Adult,351.0,At Risk
CUST1572,Meera Verma,52,Mumbai,7558.5,1,2025-05-29,Home Appliances,Credit Card,7558.5,Senior,325.0,At Risk
CUST1573,Kiara Bose,60,Jaipur,4070.92,2,2026-11-03,Fashion,Upi,2035.46,Senior,0.0,Low Value
CUST1574,Saanvi Das,61,Delhi,6925.87,15,2026-11-02,Fashion,Cash,461.72,Senior,0.0,Regular
CUST1575,Aarav Shaikh,69,Chennai,3569.85,9,2025-08-15,Sports,Credit Card,396.65,Senior,247.0,At Risk
CUST1576,Saanvi Pawar,21,Hyderabad,9413.09,10,2025-12-10,Home Appliances,Credit Card,941.31,Young,130.0,At Risk
CUST1577,Reyansh Kulkarni,62,Kolkata,98824.14,15,2025-10-13,Home Appliances,Upi,6588.28,Senior,188.0,At Risk
CUST1578,Aditya Joshi,46,Chennai,6350.55,3,2026-01-29,Sports,Debit Card,2116.85,Senior,80.0,Low Value
CUST1579,Vihaan Gupta,55,Pune,4822.06,12,2026-03-24,Groceries,Net Banking,401.84,Senior,26.0,Regular
CUST1580,Atharv More,61,Pune,5001.77,13,2025-09-28,Sports,Net Banking,384.75,Senior,203.0,At Risk
CUST1581,Krishna Iyer,26,Pune,5998.26,12,2025-04-03,Electronics,Net Banking,499.86,Adult,381.0,At Risk
CUST1582,Sai Jadhav,58,Nagpur,4512.81,10,2025-10-12,Home Appliances,Debit Card,451.28,Senior,189.0,At Risk
CUST1583,Atharv Iyer,51,Pune,9600.37,10,2025-02-17,Home Appliances,Cash,960.04,Senior,426.0,At Risk
CUST1584,Anaya Joshi,60,Jaipur,8857.0,4,2026-02-14,Electronics,Cash,2214.25,Senior,64.0,Regular
CUST1585,Aditya Yadav,47,Nagpur,10045.46,9,2025-06-24,Home Appliances,Net Banking,1116.16,Senior,299.0,At Risk
CUST1586,Meera Reddy,28,Mumbai,46623.36,1,2025-12-25,Electronics,Net Banking,46623.36,Adult,115.0,Regular
CUST1587,Ira Naik,40,Mumbai,17949.53,1,2026-03-10,Fashion,Net Banking,17949.53,Adult,40.0,High Value
CUST1588,Reyansh Mehta,45,Hyderabad,2763.51,10,2025-03-08,Groceries,Cash,276.35,Adult,407.0,At Risk
CUST1589,Sai Singh,43,Pune,6398.05,12,2025-07-28,Beauty,Upi,533.17,Adult,265.0,At Risk
CUST1590,Arjun Naik,23,Chennai,9517.19,8,2025-11-11,Home Appliances,Debit Card,1189.65,Young,159.0,At Risk
CUST1591,Arjun Iyer,27,Delhi,6522.49,5,2025-06-14,Home Appliances,Net Banking,1304.5,Adult,309.0,At Risk
CUST1592,Saanvi Pawar,45,Ahmedabad,9113.29,7,2025-12-01,Sports,Credit Card,1301.9,Adult,139.0,At Risk
CUST1593,Aditya Sharma,45,Pune,2422.82,5,2026-03-08,Electronics,Debit Card,484.56,Adult,42.0,Low Value
CUST1594,Meera Joshi,45,Nagpur,8068.46,10,2025-10-23,Electronics,Cash,806.85,Adult,178.0,At Risk
CUST1595,Vihaan Kulkarni,19,Pune,10760.76,10,2025-06-24,Home Appliances,Cash,1076.08,Young,299.0,At Risk
CUST1596,Atharv Kulkarni,20,Jaipur,3808.03,7,2025-10-04,Beauty,Net Banking,544.0,Young,197.0,At Risk
CUST1597,Vihaan Naik,43,Pune,7786.07,8,2025-08-29,Fashion,Upi,973.26,Adult,233.0,At Risk
CUST1598,Ira Iyer,32,Delhi,11086.29,12,2025-04-23,Electronics,Cash,923.86,Adult,361.0,At Risk
CUST1599,Vihaan Sharma,57,Pune,10715.59,15,2025-11-04,Electronics,Credit Card,714.37,Senior,166.0,At Risk
CUST1600,Meera Reddy,19,Delhi,8551.22,8,2025-01-03,Electronics,Cash,1068.9,Young,471.0,At Risk
CUST1601,Arjun More,68,Nagpur,2531.35,4,2025-12-18,Fashion,Credit Card,632.84,Senior,122.0,At Risk
CUST1602,Myra More,25,Ahmedabad,8768.92,10,2025-07-19,Groceries,Upi,876.89,Young,274.0,At Risk
CUST1603,Ishaan Sharma,41,Hyderabad,8223.56,5,2025-10-14,Fashion,Upi,1644.71,Adult,187.0,At Risk
CUST1604,Anika Nair,35,Jaipur,6987.04,10,2025-11-01,Fashion,Cash,698.7,Adult,169.0,At Risk
CUST1605,Sai More,32,Jaipur,6679.1,3,2026-01-14,Sports,Debit Card,2226.37,Adult,95.0,Low Value
CUST1606,Aadhya Gupta,63,Kolkata,9482.33,3,2025-02-12,Sports,Cash,3160.78,Senior,431.0,At Risk
CUST1607,Anika Patel,37,Pune,5500.38,1,2025-07-03,Electronics,Net Banking,5500.38,Adult,290.0,At Risk
CUST1608,Sara Patel,33,Bangalore,7443.25,1,2025-11-18,Electronics,Credit Card,7443.25,Adult,152.0,At Risk
CUST1609,Vivaan Iyer,37,Pune,3322.78,5,2025-08-18,Home Appliances,Debit Card,664.56,Adult,244.0,At Risk
CUST1610,Sai Verma,43,Delhi,9467.72,8,2025-06-20,Sports,Upi,1183.46,Adult,303.0,At Risk
CUST1611,Meera Verma,34,Delhi,13644.13,5,,Sports,Net Banking,2728.83,Adult,999.0,At Risk
CUST1612,Diya Naik,37,Chennai,8716.71,11,2025-12-22,Home Appliances,Upi,792.43,Adult,118.0,Regular
CUST1613,Aarav Das,36,Bangalore,6953.445,15,2025-08-30,Fashion,Debit Card,463.56,Adult,232.0,At Risk
CUST1614,Aarav Patel,43,Chennai,4593.59,11,2026-10-02,Beauty,Net Banking,417.6,Adult,0.0,Regular
CUST1615,Sara Patel,27,Mumbai,11567.65,7,2025-03-03,Fashion,Cash,1652.52,Adult,412.0,At Risk
CUST1616,Arjun Patel,36,Chennai,257904.78,4,2026-03-23,Home Appliances,Cash,64476.2,Adult,27.0,High Value
CUST1617,Diya Kulkarni,52,Mumbai,7119.51,6,2025-01-03,Home Appliances,Credit Card,1186.58,Senior,471.0,At Risk
CUST1618,Meera Sharma,62,Nagpur,4958.97,14,2025-02-09,Beauty,Credit Card,354.21,Senior,434.0,At Risk
CUST1619,Anika Das,68,Delhi,6786.27,11,2025-08-24,Groceries,Credit Card,616.93,Senior,238.0,At Risk
CUST1620,Diya Iyer,43,Ahmedabad,10547.23,2,2025-12-19,Groceries,Net Banking,5273.62,Adult,121.0,At Risk
CUST1621,Aarav Bose,43,Nagpur,3954.89,5,2025-04-02,Groceries,Debit Card,790.98,Adult,382.0,At Risk
CUST1622,Arjun Reddy,24,Pune,8905.75,3,2025-03-02,Groceries,Cash,2968.58,Young,413.0,At Risk
CUST1623,Anaya Singh,43,Pune,6943.27,13,2025-03-25,Fashion,Cash,534.1,Adult,390.0,At Risk
CUST1624,Ira Naik,42,Mumbai,43570.78,8,2025-11-29,Sports,Credit Card,5446.35,Adult,141.0,At Risk
CUST1625,Sai Naik,43,Chennai,2895.08,6,2025-08-23,Electronics,Net Banking,482.51,Adult,239.0,At Risk
CUST1626,Vivaan Bose,43,Pune,6907.2,5,2025-04-13,Fashion,Cash,1381.44,Adult,371.0,At Risk
CUST1627,Saanvi Naik,61,Nagpur,4390.67,1,2026-03-02,Home Appliances,Credit Card,4390.67,Senior,48.0,Low Value
CUST1628,Krishna Iyer,26,Hyderabad,6651.21,9,2025-09-23,Electronics,Debit Card,739.02,Adult,208.0,At Risk
CUST1629,Krishna Kulkarni,41,Pune,6953.445,2,2025-08-08,Electronics,Cash,3476.72,Adult,254.0,At Risk
CUST1630,Saanvi Bose,50,Ahmedabad,8134.76,13,2025-09-27,Home Appliances,Upi,625.75,Senior,204.0,At Risk
CUST1631,Ira Khan,27,Ahmedabad,4622.58,9,2026-03-20,Home Appliances,Cash,513.62,Adult,30.0,Regular
CUST1632,Ishaan Joshi,66,Ahmedabad,5893.74,7,2025-12-03,Groceries,Net Banking,841.96,Senior,137.0,At Risk
CUST1633,Kiara Jadhav,43,Ahmedabad,7722.43,7,2025-05-05,Home Appliances,Net Banking,1103.2,Adult,349.0,At Risk
CUST1634,Anika Kulkarni,45,Mumbai,4446.55,7,2025-08-12,Electronics,Upi,635.22,Adult,250.0,At Risk
CUST1635,Anaya Reddy,32,Ahmedabad,6402.41,12,2025-09-11,Electronics,Credit Card,533.53,Adult,220.0,At Risk
CUST1636,Myra More,32,Pune,4376.65,14,2025-05-03,Sports,Cash,312.62,Adult,351.0,At Risk
CUST1637,Aditya Das,62,Mumbai,74341.9,7,,Fashion,Net Banking,10620.27,Senior,999.0,At Risk
CUST1638,Aditya Bose,56,Kolkata,10220.35,14,2025-09-09,Electronics,Net Banking,730.02,Senior,222.0,At Risk
CUST1639,Saanvi Iyer,44,Hyderabad,8192.53,1,2025-03-21,Home Appliances,Credit Card,8192.53,Adult,394.0,At Risk
CUST1640,Vivaan Jadhav,55,Bangalore,9901.43,7,2026-01-18,Fashion,Upi,1414.49,Senior,91.0,Regular
CUST1641,Krishna Verma,65,Pune,6708.81,6,2025-07-26,Groceries,Debit Card,1118.14,Senior,267.0,At Risk
CUST1642,Vivaan Das,35,Nagpur,13836.13,8,2025-04-05,Sports,Upi,1729.52,Adult,379.0,At Risk
CUST1643,Ira Reddy,23,Kolkata,2246.78,7,,Electronics,Debit Card,320.97,Young,999.0,At Risk
CUST1644,Krishna More,57,Bangalore,7393.24,6,2026-02-14,Beauty,Upi,1232.21,Senior,64.0,Regular
CUST1645,Sara More,42,Delhi,9338.86,13,2025-05-18,Electronics,Credit Card,718.37,Adult,336.0,At Risk
CUST1646,Diya Jadhav,53,Delhi,7886.88,5,2025-09-04,Beauty,Upi,1577.38,Senior,227.0,At Risk
CUST1647,Reyansh Verma,57,Mumbai,66015.04,2,2025-10-12,Electronics,Upi,33007.52,Senior,189.0,At Risk
CUST1648,Ira Patel,66,Pune,19791.77,5,2026-03-08,Electronics,Credit Card,3958.35,Senior,42.0,High Value
CUST1649,Myra Khan,24,Nagpur,5700.77,9,2026-01-08,Beauty,Net Banking,633.42,Young,101.0,Regular
CUST1650,Arjun Verma,56,Jaipur,6550.94,14,2025-11-03,Sports,Cash,467.92,Senior,167.0,At Risk
CUST1651,Ira Patel,28,Kolkata,8772.25,12,2025-12-20,Home Appliances,Upi,731.02,Adult,120.0,Regular
CUST1652,Saanvi Nair,54,Pune,90712.86,3,2025-10-26,Beauty,Net Banking,30237.62,Senior,175.0,At Risk
CUST1653,Diya Bose,19,Delhi,6465.68,2,2025-11-13,Sports,Net Banking,3232.84,Young,157.0,At Risk
CUST1654,Vivaan Kulkarni,30,Bangalore,39800.7,14,2025-02-15,Sports,Cash,2842.91,Adult,428.0,At Risk
CUST1655,Anika Khan,39,Hyderabad,3695.38,7,2025-10-16,Groceries,Credit Card,527.91,Adult,185.0,At Risk
CUST1656,Anaya Bose,31,Ahmedabad,8785.77,13,2025-04-22,Groceries,Net Banking,675.83,Adult,362.0,At Risk
CUST1657,Saanvi Verma,32,Nagpur,7516.35,10,2025-03-20,Sports,Credit Card,751.64,Adult,395.0,At Risk
CUST1658,Anaya Nair,41,Kolkata,4680.51,12,2025-02-24,Home Appliances,Upi,390.04,Adult,419.0,At Risk
CUST1659,Ishaan Bose,38,Hyderabad,6969.49,8,2025-03-22,Electronics,Credit Card,871.19,Adult,393.0,At Risk
CUST1660,Ira Sharma,62,Ahmedabad,12634.16,15,2026-02-09,Beauty,Cash,842.28,Senior,69.0,Regular
CUST1661,Saanvi Gupta,55,Chennai,12279.12,10,2025-11-13,Sports,Net Banking,1227.91,Senior,157.0,At Risk
CUST1662,Kiara Shaikh,48,Chennai,7201.17,7,2025-07-09,Home Appliances,Cash,1028.74,Senior,284.0,At Risk
CUST1663,Vivaan Kulkarni,55,Kolkata,4863.96,6,2026-02-10,Groceries,Credit Card,810.66,Senior,68.0,Low Value
CUST1664,Diya Patel,43,Bangalore,7567.25,10,2025-12-28,Beauty,Net Banking,756.72,Adult,112.0,Regular
CUST1665,Sara Das,28,Bangalore,5187.66,12,2026-01-09,Electronics,Upi,432.3,Adult,100.0,Regular
CUST1666,Sai Khan,50,Jaipur,11763.56,8,2026-06-03,Electronics,Cash,1470.44,Senior,0.0,High Value
CUST1667,Aditya Gupta,55,Delhi,74002.46,13,2025-11-14,Fashion,Net Banking,5692.5,Senior,156.0,At Risk
CUST1668,Reyansh Jadhav,31,Bangalore,9684.96,1,2025-11-30,Home Appliances,Net Banking,9684.96,Adult,140.0,At Risk
CUST1669,Krishna Khan,34,Nagpur,2669.63,5,2025-03-17,Sports,Credit Card,533.93,Adult,398.0,At Risk
CUST1670,Saanvi Sharma,21,Hyderabad,6953.445,6,2025-11-26,Electronics,Debit Card,1158.91,Young,144.0,At Risk
CUST1671,Ira Singh,33,Nagpur,15598.19,1,2025-08-05,Sports,Upi,15598.19,Adult,257.0,At Risk
CUST1672,Aadhya Nair,35,Hyderabad,2784.47,13,2025-04-22,Electronics,Upi,214.19,Adult,362.0,At Risk
CUST1673,Vihaan Iyer,50,Nagpur,10563.85,7,2025-05-11,Electronics,Net Banking,1509.12,Senior,343.0,At Risk
CUST1674,Atharv Yadav,39,Kolkata,8015.11,6,2025-09-22,Beauty,Upi,1335.85,Adult,209.0,At Risk
CUST1675,Anika Verma,66,Kolkata,17616.53,4,2026-03-04,Electronics,Cash,4404.13,Senior,46.0,High Value
CUST1676,Ira Jadhav,33,Hyderabad,14006.61,2,2025-10-16,Home Appliances,Upi,7003.3,Adult,185.0,At Risk
CUST1677,Diya Sharma,56,Kolkata,4520.12,1,2025-05-19,Home Appliances,Net Banking,4520.12,Senior,335.0,At Risk
CUST1678,Saanvi Iyer,37,Bangalore,2594.04,13,2025-03-28,Fashion,Net Banking,199.54,Adult,387.0,At Risk
CUST1679,Anika Naik,31,Delhi,1274.53,5,2025-09-16,Sports,Cash,254.91,Adult,215.0,At Risk
CUST1680,Ishaan Das,48,Nagpur,3067.69,5,2025-03-10,Sports,Net Banking,613.54,Senior,405.0,At Risk
CUST1681,Aditya Singh,40,Pune,9550.12,7,2026-01-19,Beauty,Credit Card,1364.3,Adult,90.0,Regular
CUST1682,Sara Verma,30,Bangalore,9855.27,6,2025-12-05,Groceries,Cash,1642.54,Adult,135.0,At Risk
CUST1683,Vivaan Verma,43,Mumbai,2993.84,8,2025-04-10,Home Appliances,Net Banking,374.23,Adult,374.0,At Risk
CUST1684,Ishaan Das,46,Bangalore,1579.55,8,2025-10-24,Groceries,Cash,197.44,Senior,177.0,At Risk
CUST1685,Aadhya Singh,58,Ahmedabad,3393.65,15,2025-10-01,Fashion,Cash,226.24,Senior,200.0,At Risk
CUST1686,Aadhya Gupta,58,Delhi,6953.445,1,2025-11-20,Fashion,Credit Card,6953.44,Senior,150.0,At Risk
CUST1687,Anaya Iyer,27,Pune,16942.06,14,2025-05-26,Electronics,Credit Card,1210.15,Adult,328.0,At Risk
CUST1688,Aarav Mehta,57,Bangalore,5844.28,12,2026-03-29,Fashion,Upi,487.02,Senior,21.0,Regular
CUST1689,Reyansh Reddy,39,Nagpur,6405.34,3,2025-12-12,Groceries,Cash,2135.11,Adult,128.0,At Risk
CUST1690,Meera Naik,25,Chennai,11579.77,11,2025-04-26,Home Appliances,Debit Card,1052.71,Young,358.0,At Risk
CUST1691,Arjun Joshi,28,Hyderabad,12369.42,12,2026-01-03,Fashion,Credit Card,1030.79,Adult,106.0,Regular
CUST1692,Saanvi Bose,30,Kolkata,10717.61,9,2025-03-16,Sports,Debit Card,1190.85,Adult,399.0,At Risk
CUST1693,Atharv Nair,32,Nagpur,48554.37,11,2026-03-29,Beauty,Debit Card,4414.03,Adult,21.0,High Value
CUST1694,Aadhya Khan,37,Kolkata,5021.71,3,2025-06-19,Electronics,Credit Card,1673.9,Adult,304.0,At Risk
CUST1695,Saanvi Mehta,43,Hyderabad,8938.25,10,2025-08-14,Groceries,Cash,893.82,Adult,248.0,At Risk
CUST1696,Diya Yadav,61,Nagpur,7651.63,2,2026-02-27,Electronics,Net Banking,3825.82,Senior,51.0,High Value
CUST1697,Krishna Gupta,63,Chennai,5005.85,3,2025-07-05,Fashion,Credit Card,1668.62,Senior,288.0,At Risk
CUST1698,Meera Pawar,64,Pune,11543.26,11,2025-11-19,Home Appliances,Credit Card,1049.39,Senior,151.0,At Risk
CUST1699,Aarav Reddy,46,Jaipur,122977.76,2,2025-07-24,Groceries,Credit Card,61488.88,Senior,269.0,At Risk
CUST1700,Anika Iyer,43,Pune,4527.1,5,2025-03-04,Electronics,Upi,905.42,Adult,411.0,At Risk
CUST1701,Aarav Yadav,62,Nagpur,9573.32,14,2025-08-15,Fashion,Debit Card,683.81,Senior,247.0,At Risk
CUST1702,Anaya Sharma,42,Hyderabad,2974.98,9,2025-04-14,Groceries,Upi,330.55,Adult,370.0,At Risk
CUST1703,Anaya Gupta,18,Hyderabad,4942.27,1,2025-07-18,Electronics,Upi,4942.27,Young,275.0,At Risk
CUST1704,Atharv Verma,32,Chennai,10128.37,7,2026-01-19,Electronics,Net Banking,1446.91,Adult,90.0,Regular
CUST1705,Aditya Yadav,43,Chennai,6016.08,2,2025-10-31,Fashion,Credit Card,3008.04,Adult,170.0,At Risk
CUST1706,Saanvi Sharma,28,Bangalore,6687.55,12,2025-04-15,Electronics,Cash,557.3,Adult,369.0,At Risk
CUST1707,Myra Verma,54,Pune,8114.2,10,2025-01-05,Home Appliances,Upi,811.42,Senior,469.0,At Risk
CUST1708,Myra Singh,58,Jaipur,5691.58,2,2025-08-31,Fashion,Net Banking,2845.79,Senior,231.0,At Risk
CUST1709,Ira Nair,29,Pune,9144.21,8,2025-08-26,Fashion,Upi,1143.03,Adult,236.0,At Risk
CUST1710,Krishna Mehta,33,Chennai,14752.96,8,2025-04-07,Sports,Upi,1844.12,Adult,377.0,At Risk
CUST1711,Ishaan Iyer,39,Jaipur,13174.09,15,2025-03-20,Sports,Net Banking,878.27,Adult,395.0,At Risk
CUST1712,Saanvi Gupta,49,Hyderabad,11220.72,15,2025-09-21,Beauty,Debit Card,748.05,Senior,210.0,At Risk
CUST1713,Ishaan Jadhav,36,Chennai,9583.6,7,2025-11-29,Fashion,Cash,1369.09,Adult,141.0,At Risk
CUST1714,Kiara Patel,23,Bangalore,2230.89,5,2025-02-09,Home Appliances,Net Banking,446.18,Young,434.0,At Risk
CUST1715,Anika Naik,45,Nagpur,6625.41,13,2025-02-16,Beauty,Upi,509.65,Adult,427.0,At Risk
CUST1716,Kiara Reddy,64,Mumbai,2702.96,2,2025-09-24,Beauty,Net Banking,1351.48,Senior,207.0,At Risk
CUST1717,Saanvi Patel,20,Mumbai,6099.81,9,2025-07-14,Electronics,Net Banking,677.76,Young,279.0,At Risk
CUST1718,Aditya Jadhav,24,Hyderabad,8513.03,13,2026-02-22,Home Appliances,Debit Card,654.85,Young,56.0,High Value
CUST1719,Anika Khan,44,Ahmedabad,5315.38,4,2025-01-07,Sports,Credit Card,1328.84,Adult,467.0,At Risk
CUST1720,Krishna Joshi,50,Pune,4350.36,3,2025-07-05,Electronics,Credit Card,1450.12,Senior,288.0,At Risk
